Parameter,Object,Object timestamp,Writable,Writable timestamp,Value,Value type,Value timestamp,Notification,Notification timestamp,Access list,Access list timestamp
DeviceID.ID,false,2023-09-13T22:50:18.539Z,false,2023-09-13T22:50:18.539Z,"00259E-EG8145V5-48575443A94196A5",xsd:string,2023-09-13T22:50:18.539Z,,,,
DeviceID.Manufacturer,false,2023-09-13T22:50:18.539Z,false,2023-09-13T22:50:18.539Z,"Huawei Technologies Co., Ltd",xsd:string,2023-09-13T22:50:18.539Z,,,,
DeviceID.OUI,false,2023-09-13T22:50:18.539Z,false,2023-09-13T22:50:18.539Z,"00259E",xsd:string,2023-09-13T22:50:18.539Z,,,,
DeviceID.ProductClass,false,2023-09-13T22:50:18.539Z,false,2023-09-13T22:50:18.539Z,"EG8145V5",xsd:string,2023-09-13T22:50:18.539Z,,,,
DeviceID.SerialNumber,false,2023-09-13T22:50:18.539Z,false,2023-09-13T22:50:18.539Z,"48575443A94196A5",xsd:string,2023-09-13T22:50:18.539Z,,,,
Events.0_BOOTSTRAP,false,2023-09-13T22:50:18.539Z,false,2023-09-13T22:50:18.539Z,"2023-09-13T19:43:42.035Z",xsd:dateTime,2023-09-13T22:50:18.539Z,,,,
Events.Inform,false,2023-09-13T22:50:18.539Z,false,2023-09-13T22:50:18.539Z,"2023-09-13T22:50:18.539Z",xsd:dateTime,2023-09-13T22:50:18.539Z,,,,
Events.Registered,false,2023-09-13T22:50:18.539Z,false,2023-09-13T22:50:18.539Z,"2023-09-13T19:43:42.035Z",xsd:dateTime,2023-09-13T22:50:18.539Z,,,,
InternetGatewayDevice,true,1970-01-01T00:00:00.001Z,,,"",,,,,,
InternetGatewayDevice.BulkData,true,2023-09-13T19:43:42.035Z,true,2023-09-13T19:43:42.035Z,"",,,,,,
InternetGatewayDevice.Capabilities,true,2023-09-13T19:43:42.035Z,false,2023-09-13T19:43:42.035Z,"",,,,,,
InternetGatewayDevice.DHCPv4,true,2023-09-13T19:43:42.035Z,true,2023-09-13T19:43:42.035Z,"",,,,,,
InternetGatewayDevice.DHCPv6,true,2023-09-13T19:43:42.035Z,true,2023-09-13T19:43:42.035Z,"",,,,,,
InternetGatewayDevice.DNS,true,2023-09-13T19:43:42.035Z,true,2023-09-13T19:43:42.035Z,"",,,,,,
InternetGatewayDevice.DeviceConfig,true,2023-09-13T19:43:42.035Z,false,2023-09-13T19:43:42.035Z,"",,,,,,
InternetGatewayDevice.DeviceInfo,true,2023-09-13T19:43:42.035Z,true,2023-09-13T19:43:42.035Z,"",,,,,,
InternetGatewayDevice.DeviceInfo.AccessType,false,2023-09-13T21:37:54.309Z,false,2023-09-13T21:37:54.309Z,"",,,,,,
InternetGatewayDevice.DeviceInfo.AdditionalHardwareVersion,false,2023-09-13T21:37:54.309Z,false,2023-09-13T21:37:54.309Z,"",,,,,,
InternetGatewayDevice.DeviceInfo.AdditionalSoftwareVersion,false,2023-09-13T21:37:54.309Z,false,2023-09-13T21:37:54.309Z,"",,,,,,
InternetGatewayDevice.DeviceInfo.Description,false,2023-09-13T21:37:54.309Z,false,2023-09-13T21:37:54.309Z,"",,,,,,
InternetGatewayDevice.DeviceInfo.DeviceLog,false,2023-09-13T21:37:54.309Z,false,2023-09-13T21:37:54.309Z,"",,,,,,
InternetGatewayDevice.DeviceInfo.DeviceType,false,2023-09-13T21:37:54.309Z,false,2023-09-13T21:37:54.309Z,"",,,,,,
InternetGatewayDevice.DeviceInfo.EfuseInfo,true,2023-09-13T21:37:54.309Z,false,2023-09-13T21:37:54.309Z,"",,,,,,
InternetGatewayDevice.DeviceInfo.EnabledOptions,false,2023-09-13T21:37:54.309Z,false,2023-09-13T21:37:54.309Z,"",,,,,,
InternetGatewayDevice.DeviceInfo.FirstUseDate,false,2023-09-13T21:37:54.309Z,false,2023-09-13T21:37:54.309Z,"",,,,,,
InternetGatewayDevice.DeviceInfo.HardwareVersion,false,2023-09-13T21:37:54.309Z,false,2023-09-13T21:37:54.309Z,"159D.A",xsd:string,2023-09-13T22:50:18.540Z,,,,
InternetGatewayDevice.DeviceInfo.ManufactureInfo,false,2023-09-13T21:37:54.309Z,false,2023-09-13T21:37:54.309Z,"",,,,,,
InternetGatewayDevice.DeviceInfo.Manufacturer,false,2023-09-13T21:37:54.309Z,false,2023-09-13T21:37:54.309Z,"",,,,,,
InternetGatewayDevice.DeviceInfo.ManufacturerOUI,false,2023-09-13T21:37:54.309Z,false,2023-09-13T21:37:54.309Z,"",,,,,,
InternetGatewayDevice.DeviceInfo.MemoryStatus,true,2023-09-13T21:37:54.309Z,false,2023-09-13T21:37:54.309Z,"",,,,,,
InternetGatewayDevice.DeviceInfo.ModelName,false,2023-09-13T21:37:54.309Z,false,2023-09-13T21:37:54.309Z,"EG8145V5",xsd:string,2023-09-13T21:37:54.317Z,,,,
InternetGatewayDevice.DeviceInfo.ModelNumber,false,2023-09-13T21:37:54.309Z,false,2023-09-13T21:37:54.309Z,"",,,,,,
InternetGatewayDevice.DeviceInfo.ModemFirmwareVersion,false,2023-09-13T21:37:54.309Z,false,2023-09-13T21:37:54.309Z,"",,,,,,
InternetGatewayDevice.DeviceInfo.ProcessStatus,true,2023-09-13T21:37:54.309Z,false,2023-09-13T21:37:54.309Z,"",,,,,,
InternetGatewayDevice.DeviceInfo.Processor,true,2023-09-13T21:37:54.309Z,true,2023-09-13T21:37:54.309Z,"",,,,,,
InternetGatewayDevice.DeviceInfo.ProductClass,false,2023-09-13T21:37:54.309Z,false,2023-09-13T21:37:54.309Z,"",,,,,,
InternetGatewayDevice.DeviceInfo.ProvisioningCode,false,2023-09-13T21:37:54.309Z,true,2023-09-13T21:37:54.309Z,"",xsd:string,2023-09-13T22:50:18.540Z,,,,
InternetGatewayDevice.DeviceInfo.SerialNumber,false,2023-09-13T21:37:54.309Z,false,2023-09-13T21:37:54.309Z,"",,,,,,
InternetGatewayDevice.DeviceInfo.SoftwareVersion,false,2023-09-13T21:37:54.309Z,false,2023-09-13T21:37:54.309Z,"V5R020C00S280",xsd:string,2023-09-13T22:50:18.540Z,,,,
InternetGatewayDevice.DeviceInfo.SpecVersion,false,2023-09-13T21:37:54.309Z,false,2023-09-13T21:37:54.309Z,"1.0",xsd:string,2023-09-13T22:50:18.540Z,,,,
InternetGatewayDevice.DeviceInfo.TemperatureStatus,true,2023-09-13T21:37:54.309Z,false,2023-09-13T21:37:54.309Z,"",,,,,,
InternetGatewayDevice.DeviceInfo.UpTime,false,2023-09-13T21:37:54.309Z,false,2023-09-13T21:37:54.309Z,"3726836",xsd:unsignedInt,2023-09-13T21:37:54.323Z,,,,
InternetGatewayDevice.DeviceInfo.VendorConfigFile,true,2023-09-13T21:37:54.309Z,false,2023-09-13T21:37:54.309Z,"",,,,,,
InternetGatewayDevice.DeviceInfo.VendorConfigFileNumberOfEntries,false,2023-09-13T21:37:54.309Z,false,2023-09-13T21:37:54.309Z,"",,,,,,
InternetGatewayDevice.DeviceInfo.VendorLogFile,true,2023-09-13T21:37:54.309Z,true,2023-09-13T21:37:54.309Z,"",,,,,,
InternetGatewayDevice.DeviceInfo.VendorLogFileNumberOfEntries,false,2023-09-13T21:37:54.309Z,false,2023-09-13T21:37:54.309Z,"",,,,,,
InternetGatewayDevice.DeviceInfo.X_HW_AutoBackupRestore,true,2023-09-13T21:37:54.309Z,true,2023-09-13T21:37:54.309Z,"",,,,,,
InternetGatewayDevice.DeviceInfo.X_HW_CfgWord,false,2023-09-13T21:37:54.309Z,false,2023-09-13T21:37:54.309Z,"",,,,,,
InternetGatewayDevice.DeviceInfo.X_HW_CpuUsed,false,2023-09-13T21:37:54.309Z,false,2023-09-13T21:37:54.309Z,"",,,,,,
InternetGatewayDevice.DeviceInfo.X_HW_CurTime,false,2023-09-13T21:37:54.309Z,false,2023-09-13T21:37:54.309Z,"",,,,,,
InternetGatewayDevice.DeviceInfo.X_HW_IPProtocolVersion,true,2023-09-13T21:37:54.309Z,true,2023-09-13T21:37:54.309Z,"",,,,,,
InternetGatewayDevice.DeviceInfo.X_HW_Loid,false,2023-09-13T21:37:54.309Z,true,2023-09-13T21:37:54.309Z,"",,,,,,
InternetGatewayDevice.DeviceInfo.X_HW_MemUsed,false,2023-09-13T21:37:54.309Z,false,2023-09-13T21:37:54.309Z,"",,,,,,
InternetGatewayDevice.DeviceInfo.X_HW_OperatorID,false,2023-09-13T21:37:54.309Z,true,2023-09-13T21:37:54.309Z,"",,,,,,
InternetGatewayDevice.DeviceInfo.X_HW_SerialNumber,false,2023-09-13T21:37:54.309Z,false,2023-09-13T21:37:54.309Z,"",,,,,,
InternetGatewayDevice.DeviceInfo.X_HW_ServiceAccessInfo,true,2023-09-13T21:37:54.309Z,true,2023-09-13T21:37:54.309Z,"",,,,,,
InternetGatewayDevice.DeviceInfo.X_HW_Syslog,true,2023-09-13T21:37:54.309Z,true,2023-09-13T21:37:54.309Z,"",,,,,,
InternetGatewayDevice.DeviceInfo.X_HW_SyslogConfig,true,2023-09-13T21:37:54.309Z,true,2023-09-13T21:37:54.309Z,"",,,,,,
InternetGatewayDevice.DeviceInfo.X_HW_UpPortMode,false,2023-09-13T21:37:54.309Z,true,2023-09-13T21:37:54.309Z,"",,,,,,
InternetGatewayDevice.DeviceInfo.X_HW_UserContractInfo,true,2023-09-13T21:37:54.309Z,true,2023-09-13T21:37:54.309Z,"",,,,,,
InternetGatewayDevice.DeviceSummary,false,2023-09-13T19:43:42.035Z,false,2023-09-13T19:43:42.035Z,"InternetGatewayDevice:1.4[](Baseline:1, EthernetLAN:1, WiFiLAN:2, Time:1, IPPing:1, DeviceAssociation:1), VoiceService:1.0[1](Endpoint:1, SIPEndpoint:1)",xsd:string,2023-09-13T22:50:18.540Z,,,,
InternetGatewayDevice.Diagnostics,true,2023-09-13T19:43:42.035Z,false,2023-09-13T19:43:42.035Z,"",,,,,,
InternetGatewayDevice.DownloadDiagnostics,true,2023-09-13T19:43:42.035Z,true,2023-09-13T19:43:42.035Z,"",,,,,,
InternetGatewayDevice.IPPingDiagnostics,true,2023-09-13T19:43:42.035Z,true,2023-09-13T19:43:42.035Z,"",,,,,,
InternetGatewayDevice.LANConfigSecurity,true,2023-09-13T19:43:42.035Z,true,2023-09-13T19:43:42.035Z,"",,,,,,
InternetGatewayDevice.LANDevice,true,2023-09-13T19:43:42.035Z,true,2023-09-13T19:43:42.035Z,"",,,,,,
InternetGatewayDevice.LANDevice.1,true,2023-09-13T19:43:42.035Z,true,2023-09-13T19:43:42.035Z,"",,,,,,
InternetGatewayDevice.LANDevice.1.Hosts,true,2023-09-13T19:43:42.035Z,true,2023-09-13T19:43:42.035Z,"",,,,,,
InternetGatewayDevice.LANDevice.1.LANEthernetInterfaceConfig,true,2023-09-13T19:43:42.035Z,true,2023-09-13T19:43:42.035Z,"",,,,,,
InternetGatewayDevice.LANDevice.1.LANEthernetInterfaceConfig.1,true,2023-09-13T19:43:42.035Z,true,2023-09-13T19:43:42.035Z,"",,,,,,
InternetGatewayDevice.LANDevice.1.LANEthernetInterfaceConfig.1.DuplexMode,false,2023-09-13T21:37:54.309Z,true,2023-09-13T21:37:54.309Z,"",,,,,,
InternetGatewayDevice.LANDevice.1.LANEthernetInterfaceConfig.1.Enable,false,2023-09-13T21:37:54.309Z,true,2023-09-13T21:37:54.309Z,"",,,,,,
InternetGatewayDevice.LANDevice.1.LANEthernetInterfaceConfig.1.MACAddress,false,2023-09-13T21:37:54.309Z,false,2023-09-13T21:37:54.309Z,"94:25:33:3B:D1:C2",xsd:string,2023-09-13T21:37:54.315Z,,,,
InternetGatewayDevice.LANDevice.1.LANEthernetInterfaceConfig.1.MACAddressControlEnabled,false,2023-09-13T21:37:54.309Z,false,2023-09-13T21:37:54.309Z,"",,,,,,
InternetGatewayDevice.LANDevice.1.LANEthernetInterfaceConfig.1.MaxBitRate,false,2023-09-13T21:37:54.309Z,true,2023-09-13T21:37:54.309Z,"",,,,,,
InternetGatewayDevice.LANDevice.1.LANEthernetInterfaceConfig.1.Name,false,2023-09-13T21:37:54.309Z,false,2023-09-13T21:37:54.309Z,"",,,,,,
InternetGatewayDevice.LANDevice.1.LANEthernetInterfaceConfig.1.Stats,true,2023-09-13T21:37:54.309Z,true,2023-09-13T21:37:54.309Z,"",,,,,,
InternetGatewayDevice.LANDevice.1.LANEthernetInterfaceConfig.1.Status,false,2023-09-13T21:37:54.309Z,false,2023-09-13T21:37:54.309Z,"",,,,,,
InternetGatewayDevice.LANDevice.1.LANEthernetInterfaceConfig.1.X_HW_DetectionStatus,false,2023-09-13T21:37:54.309Z,false,2023-09-13T21:37:54.309Z,"",,,,,,
InternetGatewayDevice.LANDevice.1.LANEthernetInterfaceConfig.1.X_HW_DuplexMode,false,2023-09-13T21:37:54.309Z,false,2023-09-13T21:37:54.309Z,"",,,,,,
InternetGatewayDevice.LANDevice.1.LANEthernetInterfaceConfig.1.X_HW_FlowCtrlEnable,false,2023-09-13T21:37:54.309Z,true,2023-09-13T21:37:54.309Z,"",,,,,,
InternetGatewayDevice.LANDevice.1.LANEthernetInterfaceConfig.1.X_HW_L3Enable,false,2023-09-13T21:37:54.309Z,true,2023-09-13T21:37:54.309Z,"",,,,,,
InternetGatewayDevice.LANDevice.1.LANEthernetInterfaceConfig.1.X_HW_Mode,false,2023-09-13T21:37:54.309Z,true,2023-09-13T21:37:54.309Z,"",,,,,,
InternetGatewayDevice.LANDevice.1.LANEthernetInterfaceConfig.1.X_HW_MultiCastVlan,false,2023-09-13T21:37:54.309Z,true,2023-09-13T21:37:54.309Z,"",,,,,,
InternetGatewayDevice.LANDevice.1.LANEthernetInterfaceConfig.1.X_HW_MultiCastVlanAct,false,2023-09-13T21:37:54.309Z,true,2023-09-13T21:37:54.309Z,"",,,,,,
InternetGatewayDevice.LANDevice.1.LANEthernetInterfaceConfig.1.X_HW_Speed,false,2023-09-13T21:37:54.309Z,false,2023-09-13T21:37:54.309Z,"",,,,,,
InternetGatewayDevice.LANDevice.1.LANEthernetInterfaceConfig.1.X_HW_VLAN,false,2023-09-13T21:37:54.309Z,true,2023-09-13T21:37:54.309Z,"",,,,,,
InternetGatewayDevice.LANDevice.1.LANEthernetInterfaceConfig.2,true,2023-09-13T19:43:42.035Z,true,2023-09-13T19:43:42.035Z,"",,,,,,
InternetGatewayDevice.LANDevice.1.LANEthernetInterfaceConfig.3,true,2023-09-13T19:43:42.035Z,true,2023-09-13T19:43:42.035Z,"",,,,,,
InternetGatewayDevice.LANDevice.1.LANEthernetInterfaceConfig.4,true,2023-09-13T19:43:42.035Z,true,2023-09-13T19:43:42.035Z,"",,,,,,
InternetGatewayDevice.LANDevice.1.LANEthernetInterfaceNumberOfEntries,false,2023-09-13T19:43:42.035Z,false,2023-09-13T19:43:42.035Z,"",,,,,,
InternetGatewayDevice.LANDevice.1.LANHostConfigManagement,true,2023-09-13T19:43:42.035Z,true,2023-09-13T19:43:42.035Z,"",,,,,,
InternetGatewayDevice.LANDevice.1.LANHostConfigManagement.AllowedMACAddresses,false,2023-09-13T21:37:54.309Z,true,2023-09-13T21:37:54.309Z,"",,,,,,
InternetGatewayDevice.LANDevice.1.LANHostConfigManagement.AssociatedConnection,false,2023-09-13T21:37:54.309Z,true,2023-09-13T21:37:54.309Z,"",,,,,,
InternetGatewayDevice.LANDevice.1.LANHostConfigManagement.DHCPConditionalPoolNumberOfEntries,false,2023-09-13T21:37:54.309Z,false,2023-09-13T21:37:54.309Z,"",,,,,,
InternetGatewayDevice.LANDevice.1.LANHostConfigManagement.DHCPLeaseTime,false,2023-09-13T21:37:54.309Z,true,2023-09-13T21:37:54.309Z,"",,,,,,
InternetGatewayDevice.LANDevice.1.LANHostConfigManagement.DHCPOption,true,2023-09-13T21:37:54.309Z,true,2023-09-13T21:37:54.309Z,"",,,,,,
InternetGatewayDevice.LANDevice.1.LANHostConfigManagement.DHCPOptionNumberOfEntries,false,2023-09-13T21:37:54.309Z,false,2023-09-13T21:37:54.309Z,"",,,,,,
InternetGatewayDevice.LANDevice.1.LANHostConfigManagement.DHCPRelay,false,2023-09-13T21:37:54.309Z,false,2023-09-13T21:37:54.309Z,"",,,,,,
InternetGatewayDevice.LANDevice.1.LANHostConfigManagement.DHCPServerConfigurable,false,2023-09-13T21:37:54.309Z,true,2023-09-13T21:37:54.309Z,"",,,,,,
InternetGatewayDevice.LANDevice.1.LANHostConfigManagement.DHCPServerEnable,false,2023-09-13T21:37:54.309Z,true,2023-09-13T21:37:54.309Z,"",,,,,,
InternetGatewayDevice.LANDevice.1.LANHostConfigManagement.DHCPStaticAddress,true,2023-09-13T21:37:54.309Z,true,2023-09-13T21:37:54.309Z,"",,,,,,
InternetGatewayDevice.LANDevice.1.LANHostConfigManagement.DHCPStaticAddressNumberOfEntries,false,2023-09-13T21:37:54.309Z,false,2023-09-13T21:37:54.309Z,"",,,,,,
InternetGatewayDevice.LANDevice.1.LANHostConfigManagement.DNSServers,false,2023-09-13T21:37:54.309Z,true,2023-09-13T21:37:54.309Z,"177.75.56.101,8.8.8.8",xsd:string,2023-09-13T21:38:00.785Z,,,,
InternetGatewayDevice.LANDevice.1.LANHostConfigManagement.DomainName,false,2023-09-13T21:37:54.309Z,true,2023-09-13T21:37:54.309Z,"",,,,,,
InternetGatewayDevice.LANDevice.1.LANHostConfigManagement.IPInterface,true,2023-09-13T21:37:54.309Z,true,2023-09-13T21:37:54.309Z,"",,,,,,
InternetGatewayDevice.LANDevice.1.LANHostConfigManagement.IPInterface.1,true,2023-09-13T21:37:54.309Z,true,2023-09-13T21:37:54.309Z,"",,,,,,
InternetGatewayDevice.LANDevice.1.LANHostConfigManagement.IPInterface.1.Enable,false,2023-09-13T21:37:54.309Z,true,2023-09-13T21:37:54.309Z,"true",xsd:boolean,2023-09-13T21:37:54.341Z,,,,
InternetGatewayDevice.LANDevice.1.LANHostConfigManagement.IPInterface.1.IPInterfaceAddressingType,false,2023-09-13T21:37:54.309Z,true,2023-09-13T21:37:54.309Z,"",,,,,,
InternetGatewayDevice.LANDevice.1.LANHostConfigManagement.IPInterface.1.IPInterfaceIPAddress,false,2023-09-13T21:37:54.309Z,true,2023-09-13T21:37:54.309Z,"192.168.18.1",xsd:string,2023-09-13T21:37:54.343Z,,,,
InternetGatewayDevice.LANDevice.1.LANHostConfigManagement.IPInterface.1.IPInterfaceSubnetMask,false,2023-09-13T21:37:54.309Z,true,2023-09-13T21:37:54.309Z,"255.255.255.0",xsd:string,2023-09-13T21:37:54.345Z,,,,
InternetGatewayDevice.LANDevice.1.LANHostConfigManagement.IPInterface.1.X_HW_RouteProtocolAuthKey,false,2023-09-13T21:37:54.309Z,true,2023-09-13T21:37:54.309Z,"",,,,,,
InternetGatewayDevice.LANDevice.1.LANHostConfigManagement.IPInterface.1.X_HW_RouteProtocolAuthMode,false,2023-09-13T21:37:54.309Z,true,2023-09-13T21:37:54.309Z,"",,,,,,
InternetGatewayDevice.LANDevice.1.LANHostConfigManagement.IPInterface.1.X_HW_RouteProtocolRx,false,2023-09-13T21:37:54.309Z,true,2023-09-13T21:37:54.309Z,"",,,,,,
InternetGatewayDevice.LANDevice.1.LANHostConfigManagement.IPInterface.1.X_HW_RouteProtocolRxMode,false,2023-09-13T21:37:54.309Z,true,2023-09-13T21:37:54.309Z,"",,,,,,
InternetGatewayDevice.LANDevice.1.LANHostConfigManagement.IPInterface.2,true,2023-09-13T21:37:54.309Z,true,2023-09-13T21:37:54.309Z,"",,,,,,
InternetGatewayDevice.LANDevice.1.LANHostConfigManagement.IPInterfaceNumberOfEntries,false,2023-09-13T21:37:54.309Z,false,2023-09-13T21:37:54.309Z,"",,,,,,
InternetGatewayDevice.LANDevice.1.LANHostConfigManagement.IPRouters,false,2023-09-13T21:37:54.309Z,true,2023-09-13T21:37:54.309Z,"192.168.18.1",xsd:string,2023-09-13T21:37:54.351Z,,,,
InternetGatewayDevice.LANDevice.1.LANHostConfigManagement.MACAddress,false,2023-09-13T21:37:54.309Z,false,2023-09-13T21:37:54.309Z,"",,,,,,
InternetGatewayDevice.LANDevice.1.LANHostConfigManagement.MaxAddress,false,2023-09-13T21:37:54.309Z,true,2023-09-13T21:37:54.309Z,"192.168.18.254",xsd:string,2023-09-13T21:37:54.349Z,,,,
InternetGatewayDevice.LANDevice.1.LANHostConfigManagement.MinAddress,false,2023-09-13T21:37:54.309Z,true,2023-09-13T21:37:54.309Z,"192.168.18.2",xsd:string,2023-09-13T21:37:54.347Z,,,,
InternetGatewayDevice.LANDevice.1.LANHostConfigManagement.PassthroughLease,false,2023-09-13T21:37:54.309Z,true,2023-09-13T21:37:54.309Z,"",,,,,,
InternetGatewayDevice.LANDevice.1.LANHostConfigManagement.PassthroughMACAddress,false,2023-09-13T21:37:54.309Z,true,2023-09-13T21:37:54.309Z,"",,,,,,
InternetGatewayDevice.LANDevice.1.LANHostConfigManagement.ReservedAddresses,false,2023-09-13T21:37:54.309Z,true,2023-09-13T21:37:54.309Z,"",,,,,,
InternetGatewayDevice.LANDevice.1.LANHostConfigManagement.SubnetMask,false,2023-09-13T21:37:54.309Z,true,2023-09-13T21:37:54.309Z,"",,,,,,
InternetGatewayDevice.LANDevice.1.LANHostConfigManagement.UseAllocatedWAN,false,2023-09-13T21:37:54.309Z,true,2023-09-13T21:37:54.309Z,"",,,,,,
InternetGatewayDevice.LANDevice.1.LANHostConfigManagement.X_HW_DHCPL2RelayEnable,false,2023-09-13T21:37:54.309Z,true,2023-09-13T21:37:54.309Z,"",,,,,,
InternetGatewayDevice.LANDevice.1.LANHostConfigManagement.X_HW_DHCPOption82Enable,false,2023-09-13T21:37:54.309Z,true,2023-09-13T21:37:54.309Z,"",,,,,,
InternetGatewayDevice.LANDevice.1.LANHostConfigManagement.X_HW_DHCPOptionInherit,true,2023-09-13T21:37:54.309Z,true,2023-09-13T21:37:54.309Z,"",,,,,,
InternetGatewayDevice.LANDevice.1.LANHostConfigManagement.X_HW_DNSList,false,2023-09-13T21:37:54.309Z,true,2023-09-13T21:37:54.309Z,"",,,,,,
InternetGatewayDevice.LANDevice.1.LANHostConfigManagement.X_HW_IPv6Interface,true,2023-09-13T21:37:54.309Z,true,2023-09-13T21:37:54.309Z,"",,,,,,
InternetGatewayDevice.LANDevice.1.LANHostConfigManagement.X_HW_IPv6Interface.1,true,2023-09-13T21:37:54.309Z,true,2023-09-13T21:37:54.309Z,"",,,,,,
InternetGatewayDevice.LANDevice.1.LANHostConfigManagement.X_HW_IPv6Interface.1.IPv6Address,true,2023-09-13T21:37:54.309Z,true,2023-09-13T21:37:54.309Z,"",,,,,,
InternetGatewayDevice.LANDevice.1.LANHostConfigManagement.X_HW_IPv6Interface.1.IPv6Address.1,true,2023-09-13T21:37:54.309Z,true,2023-09-13T21:37:54.309Z,"",,,,,,
InternetGatewayDevice.LANDevice.1.LANHostConfigManagement.X_HW_IPv6Interface.1.IPv6Address.1.Alias,false,2023-09-13T21:37:54.309Z,false,2023-09-13T21:37:54.309Z,"",,,,,,
InternetGatewayDevice.LANDevice.1.LANHostConfigManagement.X_HW_IPv6Interface.1.IPv6Address.1.IPv6Address,false,2023-09-13T21:37:54.309Z,true,2023-09-13T21:37:54.309Z,"",,,,,,
InternetGatewayDevice.LANDevice.1.LANHostConfigManagement.X_HW_IPv6Interface.1.IPv6Prefix,true,2023-09-13T21:37:54.309Z,true,2023-09-13T21:37:54.309Z,"",,,,,,
InternetGatewayDevice.LANDevice.1.LANHostConfigManagement.X_HW_IPv6Interface.1.IPv6Prefix.1,true,2023-09-13T21:37:54.309Z,true,2023-09-13T21:37:54.309Z,"",,,,,,
InternetGatewayDevice.LANDevice.1.LANHostConfigManagement.X_HW_IPv6Interface.1.IPv6Prefix.1.Alias,false,2023-09-13T21:37:54.309Z,false,2023-09-13T21:37:54.309Z,"br0_prefix_1",xsd:string,2023-09-13T21:37:54.339Z,,,,
InternetGatewayDevice.LANDevice.1.LANHostConfigManagement.X_HW_IPv6Interface.1.IPv6Prefix.1.ChildPrefixMask,false,2023-09-13T21:37:54.309Z,true,2023-09-13T21:37:54.309Z,"::/64",xsd:string,2023-09-13T21:37:54.339Z,,,,
InternetGatewayDevice.LANDevice.1.LANHostConfigManagement.X_HW_IPv6Interface.1.IPv6Prefix.1.Mode,false,2023-09-13T21:37:54.309Z,true,2023-09-13T21:37:54.309Z,"WANDelegated",xsd:string,2023-09-13T21:37:54.339Z,,,,
InternetGatewayDevice.LANDevice.1.LANHostConfigManagement.X_HW_IPv6Interface.1.IPv6Prefix.1.ParentPrefix,false,2023-09-13T21:37:54.309Z,true,2023-09-13T21:37:54.309Z,"",xsd:string,2023-09-13T21:37:54.339Z,,,,
InternetGatewayDevice.LANDevice.1.LANHostConfigManagement.X_HW_IPv6Interface.1.IPv6Prefix.1.PreferredLifeTime,false,2023-09-13T21:37:54.309Z,true,2023-09-13T21:37:54.309Z,"233280",xsd:unsignedInt,2023-09-13T21:37:54.339Z,,,,
InternetGatewayDevice.LANDevice.1.LANHostConfigManagement.X_HW_IPv6Interface.1.IPv6Prefix.1.Prefix,false,2023-09-13T21:37:54.309Z,true,2023-09-13T21:37:54.309Z,"fc00:dead:c0de:7500::/64",xsd:string,2023-09-13T21:37:54.339Z,,,,
InternetGatewayDevice.LANDevice.1.LANHostConfigManagement.X_HW_IPv6Interface.1.IPv6Prefix.1.ValidLifeTime,false,2023-09-13T21:37:54.309Z,true,2023-09-13T21:37:54.309Z,"259200",xsd:unsignedInt,2023-09-13T21:37:54.339Z,,,,
InternetGatewayDevice.LANDevice.1.LANHostConfigManagement.X_HW_IPv6Interface.1.ULAEnable,false,2023-09-13T21:37:54.309Z,true,2023-09-13T21:37:54.309Z,"",,,,,,
InternetGatewayDevice.LANDevice.1.LANHostConfigManagement.X_HW_IPv6Interface.1.ULAIPv6Prefix,true,2023-09-13T21:37:54.309Z,true,2023-09-13T21:37:54.309Z,"",,,,,,
InternetGatewayDevice.LANDevice.1.LANHostConfigManagement.X_HW_IPv6Interface.1.ULAIPv6Prefix.ULAmode,false,2023-09-13T21:37:54.309Z,true,2023-09-13T21:37:54.309Z,"",,,,,,
InternetGatewayDevice.LANDevice.1.LANHostConfigManagement.X_HW_IPv6Interface.1.ULAIPv6Prefix.prefix,true,2023-09-13T21:37:54.309Z,true,2023-09-13T21:37:54.309Z,"",,,,,,
InternetGatewayDevice.LANDevice.1.LANHostConfigManagement.X_HW_MTU,false,2023-09-13T21:37:54.309Z,true,2023-09-13T21:37:54.309Z,"",,,,,,
InternetGatewayDevice.LANDevice.1.LANHostConfigManagement.X_HW_Option125Enable,false,2023-09-13T21:37:54.309Z,true,2023-09-13T21:37:54.309Z,"",,,,,,
InternetGatewayDevice.LANDevice.1.LANHostConfigManagement.X_HW_Option60Enable,false,2023-09-13T21:37:54.309Z,true,2023-09-13T21:37:54.309Z,"",,,,,,
InternetGatewayDevice.LANDevice.1.LANHostConfigManagement.X_HW_PPPoEPITPEnable,false,2023-09-13T21:37:54.309Z,true,2023-09-13T21:37:54.309Z,"",,,,,,
InternetGatewayDevice.LANDevice.1.LANUSBInterfaceConfig,true,2023-09-13T19:43:42.035Z,true,2023-09-13T19:43:42.035Z,"",,,,,,
InternetGatewayDevice.LANDevice.1.LANUSBInterfaceNumberOfEntries,false,2023-09-13T19:43:42.035Z,false,2023-09-13T19:43:42.035Z,"",,,,,,
InternetGatewayDevice.LANDevice.1.LANWLANConfigurationNumberOfEntries,false,2023-09-13T19:43:42.035Z,false,2023-09-13T19:43:42.035Z,"",,,,,,
InternetGatewayDevice.LANDevice.1.WLANConfiguration,true,2023-09-13T19:43:42.035Z,true,2023-09-13T19:43:42.035Z,"",,,,,,
InternetGatewayDevice.LANDevice.1.WLANConfiguration.1,true,2023-09-13T19:43:42.035Z,true,2023-09-13T19:43:42.035Z,"",,,,,,
InternetGatewayDevice.LANDevice.1.WLANConfiguration.1.APWMMParameter,true,2023-09-13T21:37:54.309Z,true,2023-09-13T21:37:54.309Z,"",,,,,,
InternetGatewayDevice.LANDevice.1.WLANConfiguration.1.AssociatedDevice,true,2023-09-13T21:37:54.309Z,true,2023-09-13T21:37:54.309Z,"",,,,,,
InternetGatewayDevice.LANDevice.1.WLANConfiguration.1.AuthenticationServiceMode,false,2023-09-13T21:37:54.309Z,true,2023-09-13T21:37:54.309Z,"",,,,,,
InternetGatewayDevice.LANDevice.1.WLANConfiguration.1.AutoChannelEnable,false,2023-09-13T21:37:54.309Z,true,2023-09-13T21:37:54.309Z,"true",xsd:boolean,2023-09-13T21:37:54.363Z,,,,
InternetGatewayDevice.LANDevice.1.WLANConfiguration.1.AutoRateFallBackEnabled,false,2023-09-13T21:37:54.309Z,true,2023-09-13T21:37:54.309Z,"",,,,,,
InternetGatewayDevice.LANDevice.1.WLANConfiguration.1.BSSID,false,2023-09-13T21:37:54.309Z,false,2023-09-13T21:37:54.309Z,"94:25:33:3B:D1:C8",xsd:string,2023-09-13T21:37:54.357Z,,,,
InternetGatewayDevice.LANDevice.1.WLANConfiguration.1.BasicAuthenticationMode,false,2023-09-13T21:37:54.309Z,true,2023-09-13T21:37:54.309Z,"",,,,,,
InternetGatewayDevice.LANDevice.1.WLANConfiguration.1.BasicDataTransmitRates,false,2023-09-13T21:37:54.309Z,true,2023-09-13T21:37:54.309Z,"",,,,,,
InternetGatewayDevice.LANDevice.1.WLANConfiguration.1.BasicEncryptionModes,false,2023-09-13T21:37:54.309Z,true,2023-09-13T21:37:54.309Z,"",,,,,,
InternetGatewayDevice.LANDevice.1.WLANConfiguration.1.BeaconAdvertisementEnabled,false,2023-09-13T21:37:54.309Z,true,2023-09-13T21:37:54.309Z,"",,,,,,
InternetGatewayDevice.LANDevice.1.WLANConfiguration.1.BeaconType,false,2023-09-13T21:37:54.309Z,true,2023-09-13T21:37:54.309Z,"WPAand11i",xsd:string,2023-09-13T21:37:54.373Z,,,,
InternetGatewayDevice.LANDevice.1.WLANConfiguration.1.Channel,false,2023-09-13T21:37:54.309Z,true,2023-09-13T21:37:54.309Z,"11",xsd:unsignedInt,2023-09-13T21:37:54.361Z,,,,
InternetGatewayDevice.LANDevice.1.WLANConfiguration.1.ChannelPlus,false,2023-09-13T21:37:54.309Z,true,2023-09-13T21:37:54.309Z,"",,,,,,
InternetGatewayDevice.LANDevice.1.WLANConfiguration.1.ChannelsInUse,false,2023-09-13T21:37:54.309Z,false,2023-09-13T21:37:54.309Z,"",,,,,,
InternetGatewayDevice.LANDevice.1.WLANConfiguration.1.DeviceOperationMode,false,2023-09-13T21:37:54.309Z,true,2023-09-13T21:37:54.309Z,"",,,,,,
InternetGatewayDevice.LANDevice.1.WLANConfiguration.1.DistanceFromRoot,false,2023-09-13T21:37:54.309Z,true,2023-09-13T21:37:54.309Z,"",,,,,,
InternetGatewayDevice.LANDevice.1.WLANConfiguration.1.Enable,false,2023-09-13T21:37:54.309Z,true,2023-09-13T21:37:54.309Z,"true",xsd:boolean,2023-09-13T21:37:54.371Z,,,,
InternetGatewayDevice.LANDevice.1.WLANConfiguration.1.IEEE11iAuthenticationMode,false,2023-09-13T21:37:54.309Z,true,2023-09-13T21:37:54.309Z,"PSKAuthentication",xsd:string,2023-09-13T21:37:54.367Z,,,,
InternetGatewayDevice.LANDevice.1.WLANConfiguration.1.IEEE11iEncryptionModes,false,2023-09-13T21:37:54.309Z,true,2023-09-13T21:37:54.309Z,"TKIPandAESEncryption",xsd:string,2023-09-13T21:37:54.369Z,,,,
InternetGatewayDevice.LANDevice.1.WLANConfiguration.1.InsecureOOBAccessEnabled,false,2023-09-13T21:37:54.309Z,true,2023-09-13T21:37:54.309Z,"",,,,,,
InternetGatewayDevice.LANDevice.1.WLANConfiguration.1.KeyPassphrase,false,2023-09-13T21:37:54.309Z,true,2023-09-13T21:37:54.309Z,"",,,,,,
InternetGatewayDevice.LANDevice.1.WLANConfiguration.1.LocationDescription,false,2023-09-13T21:37:54.309Z,true,2023-09-13T21:37:54.309Z,"",,,,,,
InternetGatewayDevice.LANDevice.1.WLANConfiguration.1.LowerLayers,false,2023-09-13T21:37:54.309Z,true,2023-09-13T21:37:54.309Z,"",,,,,,
InternetGatewayDevice.LANDevice.1.WLANConfiguration.1.MACAddressControlEnabled,false,2023-09-13T21:37:54.309Z,true,2023-09-13T21:37:54.309Z,"",,,,,,
InternetGatewayDevice.LANDevice.1.WLANConfiguration.1.MaxBitRate,false,2023-09-13T21:37:54.309Z,true,2023-09-13T21:37:54.309Z,"",,,,,,
InternetGatewayDevice.LANDevice.1.WLANConfiguration.1.Name,false,2023-09-13T21:37:54.309Z,false,2023-09-13T21:37:54.309Z,"",,,,,,
InternetGatewayDevice.LANDevice.1.WLANConfiguration.1.OperationalDataTransmitRates,false,2023-09-13T21:37:54.309Z,true,2023-09-13T21:37:54.309Z,"",,,,,,
InternetGatewayDevice.LANDevice.1.WLANConfiguration.1.PeerBSSID,false,2023-09-13T21:37:54.309Z,true,2023-09-13T21:37:54.309Z,"",,,,,,
InternetGatewayDevice.LANDevice.1.WLANConfiguration.1.PossibleChannels,false,2023-09-13T21:37:54.309Z,false,2023-09-13T21:37:54.309Z,"",,,,,,
InternetGatewayDevice.LANDevice.1.WLANConfiguration.1.PossibleDataTransmitRates,false,2023-09-13T21:37:54.309Z,false,2023-09-13T21:37:54.309Z,"",,,,,,
InternetGatewayDevice.LANDevice.1.WLANConfiguration.1.PreSharedKey,true,2023-09-13T21:37:54.309Z,true,2023-09-13T21:37:54.309Z,"",,,,,,
InternetGatewayDevice.LANDevice.1.WLANConfiguration.1.PreSharedKey.1,true,2023-09-13T21:37:54.309Z,true,2023-09-13T21:37:54.309Z,"",,,,,,
InternetGatewayDevice.LANDevice.1.WLANConfiguration.1.PreSharedKey.1.AssociatedDeviceMACAddress,false,2023-09-13T21:37:54.309Z,true,2023-09-13T21:37:54.309Z,"",,,,,,
InternetGatewayDevice.LANDevice.1.WLANConfiguration.1.PreSharedKey.1.KeyPassphrase,false,2023-09-13T21:37:54.309Z,true,2023-09-13T21:37:54.309Z,"",,,,,,
InternetGatewayDevice.LANDevice.1.WLANConfiguration.1.PreSharedKey.1.PreSharedKey,false,2023-09-13T21:37:54.309Z,true,2023-09-13T21:37:54.309Z,"",xsd:string,2023-09-13T21:37:54.359Z,,,,
InternetGatewayDevice.LANDevice.1.WLANConfiguration.1.RadioEnabled,false,2023-09-13T21:37:54.309Z,true,2023-09-13T21:37:54.309Z,"",,,,,,
InternetGatewayDevice.LANDevice.1.WLANConfiguration.1.RegulatoryDomain,false,2023-09-13T21:37:54.309Z,true,2023-09-13T21:37:54.309Z,"",,,,,,
InternetGatewayDevice.LANDevice.1.WLANConfiguration.1.SSID,false,2023-09-13T21:37:54.309Z,true,2023-09-13T21:37:54.309Z,"Anlix-EG8145",xsd:string,2023-09-13T22:47:41.103Z,,,,
InternetGatewayDevice.LANDevice.1.WLANConfiguration.1.SSIDAdvertisementEnabled,false,2023-09-13T21:37:54.309Z,true,2023-09-13T21:37:54.309Z,"true",xsd:boolean,2023-09-13T21:37:54.377Z,,,,
InternetGatewayDevice.LANDevice.1.WLANConfiguration.1.STAWMMParameter,true,2023-09-13T21:37:54.309Z,true,2023-09-13T21:37:54.309Z,"",,,,,,
InternetGatewayDevice.LANDevice.1.WLANConfiguration.1.Standard,false,2023-09-13T21:37:54.309Z,true,2023-09-13T21:37:54.309Z,"11bgn",xsd:string,2023-09-13T21:37:54.365Z,,,,
InternetGatewayDevice.LANDevice.1.WLANConfiguration.1.Stats,true,2023-09-13T21:37:54.309Z,false,2023-09-13T21:37:54.309Z,"",,,,,,
InternetGatewayDevice.LANDevice.1.WLANConfiguration.1.Status,false,2023-09-13T21:37:54.309Z,false,2023-09-13T21:37:54.309Z,"",,,,,,
InternetGatewayDevice.LANDevice.1.WLANConfiguration.1.TotalAssociations,false,2023-09-13T21:37:54.309Z,false,2023-09-13T21:37:54.309Z,"",,,,,,
InternetGatewayDevice.LANDevice.1.WLANConfiguration.1.TotalBytesReceived,false,2023-09-13T21:37:54.309Z,false,2023-09-13T21:37:54.309Z,"",,,,,,
InternetGatewayDevice.LANDevice.1.WLANConfiguration.1.TotalBytesSent,false,2023-09-13T21:37:54.309Z,false,2023-09-13T21:37:54.309Z,"",,,,,,
InternetGatewayDevice.LANDevice.1.WLANConfiguration.1.TotalIntegrityFailures,false,2023-09-13T21:37:54.309Z,false,2023-09-13T21:37:54.309Z,"",,,,,,
InternetGatewayDevice.LANDevice.1.WLANConfiguration.1.TotalPSKFailures,false,2023-09-13T21:37:54.309Z,false,2023-09-13T21:37:54.309Z,"",,,,,,
InternetGatewayDevice.LANDevice.1.WLANConfiguration.1.TotalPacketsReceived,false,2023-09-13T21:37:54.309Z,false,2023-09-13T21:37:54.309Z,"",,,,,,
InternetGatewayDevice.LANDevice.1.WLANConfiguration.1.TotalPacketsSent,false,2023-09-13T21:37:54.309Z,false,2023-09-13T21:37:54.309Z,"",,,,,,
InternetGatewayDevice.LANDevice.1.WLANConfiguration.1.TransmitPower,false,2023-09-13T21:37:54.309Z,true,2023-09-13T21:37:54.309Z,"",,,,,,
InternetGatewayDevice.LANDevice.1.WLANConfiguration.1.TransmitPowerSupported,false,2023-09-13T21:37:54.309Z,false,2023-09-13T21:37:54.309Z,"",,,,,,
InternetGatewayDevice.LANDevice.1.WLANConfiguration.1.UAPSDEnable,false,2023-09-13T21:37:54.309Z,true,2023-09-13T21:37:54.309Z,"",,,,,,
InternetGatewayDevice.LANDevice.1.WLANConfiguration.1.UAPSDSupported,false,2023-09-13T21:37:54.309Z,false,2023-09-13T21:37:54.309Z,"",,,,,,
InternetGatewayDevice.LANDevice.1.WLANConfiguration.1.WEPEncryptionLevel,false,2023-09-13T21:37:54.309Z,true,2023-09-13T21:37:54.309Z,"",,,,,,
InternetGatewayDevice.LANDevice.1.WLANConfiguration.1.WEPKey,true,2023-09-13T21:37:54.309Z,true,2023-09-13T21:37:54.309Z,"",,,,,,
InternetGatewayDevice.LANDevice.1.WLANConfiguration.1.WEPKeyIndex,false,2023-09-13T21:37:54.309Z,true,2023-09-13T21:37:54.309Z,"",,,,,,
InternetGatewayDevice.LANDevice.1.WLANConfiguration.1.WMMEnable,false,2023-09-13T21:37:54.309Z,true,2023-09-13T21:37:54.309Z,"",,,,,,
InternetGatewayDevice.LANDevice.1.WLANConfiguration.1.WMMSupported,false,2023-09-13T21:37:54.309Z,false,2023-09-13T21:37:54.309Z,"",,,,,,
InternetGatewayDevice.LANDevice.1.WLANConfiguration.1.WPAAuthenticationMode,false,2023-09-13T21:37:54.309Z,true,2023-09-13T21:37:54.309Z,"",,,,,,
InternetGatewayDevice.LANDevice.1.WLANConfiguration.1.WPAEncryptionModes,false,2023-09-13T21:37:54.309Z,true,2023-09-13T21:37:54.309Z,"",,,,,,
InternetGatewayDevice.LANDevice.1.WLANConfiguration.1.WPS,true,2023-09-13T21:37:54.309Z,true,2023-09-13T21:37:54.309Z,"",,,,,,
InternetGatewayDevice.LANDevice.1.WLANConfiguration.1.WPS.ConfigMethodsEnabled,false,2023-09-13T21:37:54.309Z,true,2023-09-13T21:37:54.309Z,"",,,,,,
InternetGatewayDevice.LANDevice.1.WLANConfiguration.1.WPS.ConfigMethodsSupported,false,2023-09-13T21:37:54.309Z,false,2023-09-13T21:37:54.309Z,"",,,,,,
InternetGatewayDevice.LANDevice.1.WLANConfiguration.1.WPS.ConfigurationState,false,2023-09-13T21:37:54.309Z,false,2023-09-13T21:37:54.309Z,"",,,,,,
InternetGatewayDevice.LANDevice.1.WLANConfiguration.1.WPS.DeviceName,false,2023-09-13T21:37:54.309Z,false,2023-09-13T21:37:54.309Z,"",,,,,,
InternetGatewayDevice.LANDevice.1.WLANConfiguration.1.WPS.DevicePassword,false,2023-09-13T21:37:54.309Z,true,2023-09-13T21:37:54.309Z,"",,,,,,
InternetGatewayDevice.LANDevice.1.WLANConfiguration.1.WPS.Enable,false,2023-09-13T21:37:54.309Z,true,2023-09-13T21:37:54.309Z,"true",xsd:boolean,2023-09-13T21:37:54.379Z,,,,
InternetGatewayDevice.LANDevice.1.WLANConfiguration.1.WPS.LastConfigurationError,false,2023-09-13T21:37:54.309Z,false,2023-09-13T21:37:54.309Z,"",,,,,,
InternetGatewayDevice.LANDevice.1.WLANConfiguration.1.WPS.RegistrarEstablished,false,2023-09-13T21:37:54.309Z,false,2023-09-13T21:37:54.309Z,"",,,,,,
InternetGatewayDevice.LANDevice.1.WLANConfiguration.1.WPS.RegistrarNumberOfEntries,false,2023-09-13T21:37:54.309Z,false,2023-09-13T21:37:54.309Z,"",,,,,,
InternetGatewayDevice.LANDevice.1.WLANConfiguration.1.WPS.SetupLock,false,2023-09-13T21:37:54.309Z,true,2023-09-13T21:37:54.309Z,"",,,,,,
InternetGatewayDevice.LANDevice.1.WLANConfiguration.1.WPS.SetupLockedState,false,2023-09-13T21:37:54.309Z,false,2023-09-13T21:37:54.309Z,"",,,,,,
InternetGatewayDevice.LANDevice.1.WLANConfiguration.1.WPS.UUID,false,2023-09-13T21:37:54.309Z,false,2023-09-13T21:37:54.309Z,"",,,,,,
InternetGatewayDevice.LANDevice.1.WLANConfiguration.1.WPS.Version,false,2023-09-13T21:37:54.309Z,false,2023-09-13T21:37:54.309Z,"",,,,,,
InternetGatewayDevice.LANDevice.1.WLANConfiguration.1.WPS.WPSRegistrar,true,2023-09-13T21:37:54.309Z,true,2023-09-13T21:37:54.309Z,"",,,,,,
InternetGatewayDevice.LANDevice.1.WLANConfiguration.1.WPS.X_HW_ConfigMethod,false,2023-09-13T21:37:54.309Z,true,2023-09-13T21:37:54.309Z,"",,,,,,
InternetGatewayDevice.LANDevice.1.WLANConfiguration.1.WPS.X_HW_PinGenerator,false,2023-09-13T21:37:54.309Z,true,2023-09-13T21:37:54.309Z,"",,,,,,
InternetGatewayDevice.LANDevice.1.WLANConfiguration.1.X_CT-COM_EnhanceEnable,false,2023-09-13T21:37:54.309Z,true,2023-09-13T21:37:54.309Z,"",,,,,,
InternetGatewayDevice.LANDevice.1.WLANConfiguration.1.X_HW_AdvanceConf,true,2023-09-13T21:37:54.309Z,true,2023-09-13T21:37:54.309Z,"",,,,,,
InternetGatewayDevice.LANDevice.1.WLANConfiguration.1.X_HW_AssociateNum,false,2023-09-13T21:37:54.309Z,true,2023-09-13T21:37:54.309Z,"",,,,,,
InternetGatewayDevice.LANDevice.1.WLANConfiguration.1.X_HW_AttachConf,true,2023-09-13T21:37:54.309Z,true,2023-09-13T21:37:54.309Z,"",,,,,,
InternetGatewayDevice.LANDevice.1.WLANConfiguration.1.X_HW_HT20,false,2023-09-13T21:37:54.309Z,true,2023-09-13T21:37:54.309Z,"1",xsd:unsignedInt,2023-09-13T21:37:54.375Z,,,,
InternetGatewayDevice.LANDevice.1.WLANConfiguration.1.X_HW_Mode,false,2023-09-13T21:37:54.309Z,true,2023-09-13T21:37:54.309Z,"",,,,,,
InternetGatewayDevice.LANDevice.1.WLANConfiguration.1.X_HW_PowerValue,false,2023-09-13T21:37:54.309Z,false,2023-09-13T21:37:54.309Z,"",,,,,,
InternetGatewayDevice.LANDevice.1.WLANConfiguration.1.X_HW_RFBand,false,2023-09-13T21:37:54.309Z,true,2023-09-13T21:37:54.309Z,"",,,,,,
InternetGatewayDevice.LANDevice.1.WLANConfiguration.1.X_HW_RadiuServer,false,2023-09-13T21:37:54.309Z,true,2023-09-13T21:37:54.309Z,"",,,,,,
InternetGatewayDevice.LANDevice.1.WLANConfiguration.1.X_HW_RadiusKey,false,2023-09-13T21:37:54.309Z,true,2023-09-13T21:37:54.309Z,"",,,,,,
InternetGatewayDevice.LANDevice.1.WLANConfiguration.1.X_HW_RadiusPort,false,2023-09-13T21:37:54.309Z,true,2023-09-13T21:37:54.309Z,"",,,,,,
InternetGatewayDevice.LANDevice.1.WLANConfiguration.1.X_HW_RetryTimeout,false,2023-09-13T21:37:54.309Z,true,2023-09-13T21:37:54.309Z,"",,,,,,
InternetGatewayDevice.LANDevice.1.WLANConfiguration.1.X_HW_Service,true,2023-09-13T21:37:54.309Z,true,2023-09-13T21:37:54.309Z,"",,,,,,
InternetGatewayDevice.LANDevice.1.WLANConfiguration.1.X_HW_Standard,false,2023-09-13T21:37:54.309Z,true,2023-09-13T21:37:54.309Z,"",,,,,,
InternetGatewayDevice.LANDevice.1.WLANConfiguration.1.X_HW_SupportedStandards,false,2023-09-13T21:37:54.309Z,false,2023-09-13T21:37:54.309Z,"",,,,,,
InternetGatewayDevice.LANDevice.1.WLANConfiguration.1.X_HW_VLAN,false,2023-09-13T21:37:54.309Z,true,2023-09-13T21:37:54.309Z,"",,,,,,
InternetGatewayDevice.LANDevice.1.WLANConfiguration.1.X_HW_WPAand11iAuthenticationMode,false,2023-09-13T21:37:54.309Z,true,2023-09-13T21:37:54.309Z,"",,,,,,
InternetGatewayDevice.LANDevice.1.WLANConfiguration.1.X_HW_WPAand11iEncryptionModes,false,2023-09-13T21:37:54.309Z,true,2023-09-13T21:37:54.309Z,"",,,,,,
InternetGatewayDevice.LANDevice.1.WLANConfiguration.1.X_HW_WPSKeyWord,false,2023-09-13T21:37:54.309Z,true,2023-09-13T21:37:54.309Z,"",,,,,,
InternetGatewayDevice.LANDevice.1.WLANConfiguration.1.X_HW_WebVisibility,false,2023-09-13T21:37:54.309Z,true,2023-09-13T21:37:54.309Z,"",,,,,,
InternetGatewayDevice.LANDevice.1.WLANConfiguration.1.X_HW_WorkMode,false,2023-09-13T21:37:54.309Z,true,2023-09-13T21:37:54.309Z,"",,,,,,
InternetGatewayDevice.LANDevice.1.WLANConfiguration.5,true,2023-09-13T19:43:42.035Z,true,2023-09-13T19:43:42.035Z,"",,,,,,
InternetGatewayDevice.LANDevice.1.WLANConfiguration.5.APWMMParameter,true,2023-09-13T21:37:54.309Z,true,2023-09-13T21:37:54.309Z,"",,,,,,
InternetGatewayDevice.LANDevice.1.WLANConfiguration.5.AssociatedDevice,true,2023-09-13T21:37:54.309Z,true,2023-09-13T21:37:54.309Z,"",,,,,,
InternetGatewayDevice.LANDevice.1.WLANConfiguration.5.AuthenticationServiceMode,false,2023-09-13T21:37:54.309Z,true,2023-09-13T21:37:54.309Z,"",,,,,,
InternetGatewayDevice.LANDevice.1.WLANConfiguration.5.AutoChannelEnable,false,2023-09-13T21:37:54.309Z,true,2023-09-13T21:37:54.309Z,"true",xsd:boolean,2023-09-13T21:37:54.413Z,,,,
InternetGatewayDevice.LANDevice.1.WLANConfiguration.5.AutoRateFallBackEnabled,false,2023-09-13T21:37:54.309Z,true,2023-09-13T21:37:54.309Z,"",,,,,,
InternetGatewayDevice.LANDevice.1.WLANConfiguration.5.BSSID,false,2023-09-13T21:37:54.309Z,false,2023-09-13T21:37:54.309Z,"94:25:33:3B:D1:CC",xsd:string,2023-09-13T21:37:54.407Z,,,,
InternetGatewayDevice.LANDevice.1.WLANConfiguration.5.BasicAuthenticationMode,false,2023-09-13T21:37:54.309Z,true,2023-09-13T21:37:54.309Z,"",,,,,,
InternetGatewayDevice.LANDevice.1.WLANConfiguration.5.BasicDataTransmitRates,false,2023-09-13T21:37:54.309Z,true,2023-09-13T21:37:54.309Z,"",,,,,,
InternetGatewayDevice.LANDevice.1.WLANConfiguration.5.BasicEncryptionModes,false,2023-09-13T21:37:54.309Z,true,2023-09-13T21:37:54.309Z,"",,,,,,
InternetGatewayDevice.LANDevice.1.WLANConfiguration.5.BeaconAdvertisementEnabled,false,2023-09-13T21:37:54.309Z,true,2023-09-13T21:37:54.309Z,"",,,,,,
InternetGatewayDevice.LANDevice.1.WLANConfiguration.5.BeaconType,false,2023-09-13T21:37:54.309Z,true,2023-09-13T21:37:54.309Z,"WPAand11i",xsd:string,2023-09-13T21:37:54.423Z,,,,
InternetGatewayDevice.LANDevice.1.WLANConfiguration.5.Channel,false,2023-09-13T21:37:54.309Z,true,2023-09-13T21:37:54.309Z,"36",xsd:unsignedInt,2023-09-13T21:37:54.411Z,,,,
InternetGatewayDevice.LANDevice.1.WLANConfiguration.5.ChannelPlus,false,2023-09-13T21:37:54.309Z,true,2023-09-13T21:37:54.309Z,"",,,,,,
InternetGatewayDevice.LANDevice.1.WLANConfiguration.5.ChannelsInUse,false,2023-09-13T21:37:54.309Z,false,2023-09-13T21:37:54.309Z,"",,,,,,
InternetGatewayDevice.LANDevice.1.WLANConfiguration.5.DeviceOperationMode,false,2023-09-13T21:37:54.309Z,true,2023-09-13T21:37:54.309Z,"",,,,,,
InternetGatewayDevice.LANDevice.1.WLANConfiguration.5.DistanceFromRoot,false,2023-09-13T21:37:54.309Z,true,2023-09-13T21:37:54.309Z,"",,,,,,
InternetGatewayDevice.LANDevice.1.WLANConfiguration.5.Enable,false,2023-09-13T21:37:54.309Z,true,2023-09-13T21:37:54.309Z,"true",xsd:boolean,2023-09-13T21:37:54.421Z,,,,
InternetGatewayDevice.LANDevice.1.WLANConfiguration.5.IEEE11iAuthenticationMode,false,2023-09-13T21:37:54.309Z,true,2023-09-13T21:37:54.309Z,"PSKAuthentication",xsd:string,2023-09-13T21:37:54.417Z,,,,
InternetGatewayDevice.LANDevice.1.WLANConfiguration.5.IEEE11iEncryptionModes,false,2023-09-13T21:37:54.309Z,true,2023-09-13T21:37:54.309Z,"TKIPandAESEncryption",xsd:string,2023-09-13T21:37:54.419Z,,,,
InternetGatewayDevice.LANDevice.1.WLANConfiguration.5.InsecureOOBAccessEnabled,false,2023-09-13T21:37:54.309Z,true,2023-09-13T21:37:54.309Z,"",,,,,,
InternetGatewayDevice.LANDevice.1.WLANConfiguration.5.KeyPassphrase,false,2023-09-13T21:37:54.309Z,true,2023-09-13T21:37:54.309Z,"",,,,,,
InternetGatewayDevice.LANDevice.1.WLANConfiguration.5.LocationDescription,false,2023-09-13T21:37:54.309Z,true,2023-09-13T21:37:54.309Z,"",,,,,,
InternetGatewayDevice.LANDevice.1.WLANConfiguration.5.LowerLayers,false,2023-09-13T21:37:54.309Z,true,2023-09-13T21:37:54.309Z,"",,,,,,
InternetGatewayDevice.LANDevice.1.WLANConfiguration.5.MACAddressControlEnabled,false,2023-09-13T21:37:54.309Z,true,2023-09-13T21:37:54.309Z,"",,,,,,
InternetGatewayDevice.LANDevice.1.WLANConfiguration.5.MaxBitRate,false,2023-09-13T21:37:54.309Z,true,2023-09-13T21:37:54.309Z,"",,,,,,
InternetGatewayDevice.LANDevice.1.WLANConfiguration.5.Name,false,2023-09-13T21:37:54.309Z,false,2023-09-13T21:37:54.309Z,"",,,,,,
InternetGatewayDevice.LANDevice.1.WLANConfiguration.5.OperationalDataTransmitRates,false,2023-09-13T21:37:54.309Z,true,2023-09-13T21:37:54.309Z,"",,,,,,
InternetGatewayDevice.LANDevice.1.WLANConfiguration.5.PeerBSSID,false,2023-09-13T21:37:54.309Z,true,2023-09-13T21:37:54.309Z,"",,,,,,
InternetGatewayDevice.LANDevice.1.WLANConfiguration.5.PossibleChannels,false,2023-09-13T21:37:54.309Z,false,2023-09-13T21:37:54.309Z,"",,,,,,
InternetGatewayDevice.LANDevice.1.WLANConfiguration.5.PossibleDataTransmitRates,false,2023-09-13T21:37:54.309Z,false,2023-09-13T21:37:54.309Z,"",,,,,,
InternetGatewayDevice.LANDevice.1.WLANConfiguration.5.PreSharedKey,true,2023-09-13T21:37:54.309Z,true,2023-09-13T21:37:54.309Z,"",,,,,,
InternetGatewayDevice.LANDevice.1.WLANConfiguration.5.PreSharedKey.1,true,2023-09-13T21:37:54.309Z,true,2023-09-13T21:37:54.309Z,"",,,,,,
InternetGatewayDevice.LANDevice.1.WLANConfiguration.5.PreSharedKey.1.AssociatedDeviceMACAddress,false,2023-09-13T21:37:54.309Z,true,2023-09-13T21:37:54.309Z,"",,,,,,
InternetGatewayDevice.LANDevice.1.WLANConfiguration.5.PreSharedKey.1.KeyPassphrase,false,2023-09-13T21:37:54.309Z,true,2023-09-13T21:37:54.309Z,"",,,,,,
InternetGatewayDevice.LANDevice.1.WLANConfiguration.5.PreSharedKey.1.PreSharedKey,false,2023-09-13T21:37:54.309Z,true,2023-09-13T21:37:54.309Z,"",xsd:string,2023-09-13T21:37:54.409Z,,,,
InternetGatewayDevice.LANDevice.1.WLANConfiguration.5.RadioEnabled,false,2023-09-13T21:37:54.309Z,true,2023-09-13T21:37:54.309Z,"",,,,,,
InternetGatewayDevice.LANDevice.1.WLANConfiguration.5.RegulatoryDomain,false,2023-09-13T21:37:54.309Z,true,2023-09-13T21:37:54.309Z,"",,,,,,
InternetGatewayDevice.LANDevice.1.WLANConfiguration.5.SSID,false,2023-09-13T21:37:54.309Z,true,2023-09-13T21:37:54.309Z,"Anlix-EG8145-5G",xsd:string,2023-09-13T22:47:43.151Z,,,,
InternetGatewayDevice.LANDevice.1.WLANConfiguration.5.SSIDAdvertisementEnabled,false,2023-09-13T21:37:54.309Z,true,2023-09-13T21:37:54.309Z,"true",xsd:boolean,2023-09-13T21:37:54.427Z,,,,
InternetGatewayDevice.LANDevice.1.WLANConfiguration.5.STAWMMParameter,true,2023-09-13T21:37:54.309Z,true,2023-09-13T21:37:54.309Z,"",,,,,,
InternetGatewayDevice.LANDevice.1.WLANConfiguration.5.Standard,false,2023-09-13T21:37:54.309Z,true,2023-09-13T21:37:54.309Z,"11ac",xsd:string,2023-09-13T21:37:54.415Z,,,,
InternetGatewayDevice.LANDevice.1.WLANConfiguration.5.Stats,true,2023-09-13T21:37:54.309Z,false,2023-09-13T21:37:54.309Z,"",,,,,,
InternetGatewayDevice.LANDevice.1.WLANConfiguration.5.Status,false,2023-09-13T21:37:54.309Z,false,2023-09-13T21:37:54.309Z,"",,,,,,
InternetGatewayDevice.LANDevice.1.WLANConfiguration.5.TotalAssociations,false,2023-09-13T21:37:54.309Z,false,2023-09-13T21:37:54.309Z,"",,,,,,
InternetGatewayDevice.LANDevice.1.WLANConfiguration.5.TotalBytesReceived,false,2023-09-13T21:37:54.309Z,false,2023-09-13T21:37:54.309Z,"",,,,,,
InternetGatewayDevice.LANDevice.1.WLANConfiguration.5.TotalBytesSent,false,2023-09-13T21:37:54.309Z,false,2023-09-13T21:37:54.309Z,"",,,,,,
InternetGatewayDevice.LANDevice.1.WLANConfiguration.5.TotalIntegrityFailures,false,2023-09-13T21:37:54.309Z,false,2023-09-13T21:37:54.309Z,"",,,,,,
InternetGatewayDevice.LANDevice.1.WLANConfiguration.5.TotalPSKFailures,false,2023-09-13T21:37:54.309Z,false,2023-09-13T21:37:54.309Z,"",,,,,,
InternetGatewayDevice.LANDevice.1.WLANConfiguration.5.TotalPacketsReceived,false,2023-09-13T21:37:54.309Z,false,2023-09-13T21:37:54.309Z,"",,,,,,
InternetGatewayDevice.LANDevice.1.WLANConfiguration.5.TotalPacketsSent,false,2023-09-13T21:37:54.309Z,false,2023-09-13T21:37:54.309Z,"",,,,,,
InternetGatewayDevice.LANDevice.1.WLANConfiguration.5.TransmitPower,false,2023-09-13T21:37:54.309Z,true,2023-09-13T21:37:54.309Z,"",,,,,,
InternetGatewayDevice.LANDevice.1.WLANConfiguration.5.TransmitPowerSupported,false,2023-09-13T21:37:54.309Z,false,2023-09-13T21:37:54.309Z,"",,,,,,
InternetGatewayDevice.LANDevice.1.WLANConfiguration.5.UAPSDEnable,false,2023-09-13T21:37:54.309Z,true,2023-09-13T21:37:54.309Z,"",,,,,,
InternetGatewayDevice.LANDevice.1.WLANConfiguration.5.UAPSDSupported,false,2023-09-13T21:37:54.309Z,false,2023-09-13T21:37:54.309Z,"",,,,,,
InternetGatewayDevice.LANDevice.1.WLANConfiguration.5.WEPEncryptionLevel,false,2023-09-13T21:37:54.309Z,true,2023-09-13T21:37:54.309Z,"",,,,,,
InternetGatewayDevice.LANDevice.1.WLANConfiguration.5.WEPKey,true,2023-09-13T21:37:54.309Z,true,2023-09-13T21:37:54.309Z,"",,,,,,
InternetGatewayDevice.LANDevice.1.WLANConfiguration.5.WEPKeyIndex,false,2023-09-13T21:37:54.309Z,true,2023-09-13T21:37:54.309Z,"",,,,,,
InternetGatewayDevice.LANDevice.1.WLANConfiguration.5.WMMEnable,false,2023-09-13T21:37:54.309Z,true,2023-09-13T21:37:54.309Z,"",,,,,,
InternetGatewayDevice.LANDevice.1.WLANConfiguration.5.WMMSupported,false,2023-09-13T21:37:54.309Z,false,2023-09-13T21:37:54.309Z,"",,,,,,
InternetGatewayDevice.LANDevice.1.WLANConfiguration.5.WPAAuthenticationMode,false,2023-09-13T21:37:54.309Z,true,2023-09-13T21:37:54.309Z,"",,,,,,
InternetGatewayDevice.LANDevice.1.WLANConfiguration.5.WPAEncryptionModes,false,2023-09-13T21:37:54.309Z,true,2023-09-13T21:37:54.309Z,"",,,,,,
InternetGatewayDevice.LANDevice.1.WLANConfiguration.5.WPS,true,2023-09-13T21:37:54.309Z,true,2023-09-13T21:37:54.309Z,"",,,,,,
InternetGatewayDevice.LANDevice.1.WLANConfiguration.5.WPS.ConfigMethodsEnabled,false,2023-09-13T21:37:54.309Z,true,2023-09-13T21:37:54.309Z,"",,,,,,
InternetGatewayDevice.LANDevice.1.WLANConfiguration.5.WPS.ConfigMethodsSupported,false,2023-09-13T21:37:54.309Z,false,2023-09-13T21:37:54.309Z,"",,,,,,
InternetGatewayDevice.LANDevice.1.WLANConfiguration.5.WPS.ConfigurationState,false,2023-09-13T21:37:54.309Z,false,2023-09-13T21:37:54.309Z,"",,,,,,
InternetGatewayDevice.LANDevice.1.WLANConfiguration.5.WPS.DeviceName,false,2023-09-13T21:37:54.309Z,false,2023-09-13T21:37:54.309Z,"",,,,,,
InternetGatewayDevice.LANDevice.1.WLANConfiguration.5.WPS.DevicePassword,false,2023-09-13T21:37:54.309Z,true,2023-09-13T21:37:54.309Z,"",,,,,,
InternetGatewayDevice.LANDevice.1.WLANConfiguration.5.WPS.Enable,false,2023-09-13T21:37:54.309Z,true,2023-09-13T21:37:54.309Z,"true",xsd:boolean,2023-09-13T21:37:54.429Z,,,,
InternetGatewayDevice.LANDevice.1.WLANConfiguration.5.WPS.LastConfigurationError,false,2023-09-13T21:37:54.309Z,false,2023-09-13T21:37:54.309Z,"",,,,,,
InternetGatewayDevice.LANDevice.1.WLANConfiguration.5.WPS.RegistrarEstablished,false,2023-09-13T21:37:54.309Z,false,2023-09-13T21:37:54.309Z,"",,,,,,
InternetGatewayDevice.LANDevice.1.WLANConfiguration.5.WPS.RegistrarNumberOfEntries,false,2023-09-13T21:37:54.309Z,false,2023-09-13T21:37:54.309Z,"",,,,,,
InternetGatewayDevice.LANDevice.1.WLANConfiguration.5.WPS.SetupLock,false,2023-09-13T21:37:54.309Z,true,2023-09-13T21:37:54.309Z,"",,,,,,
InternetGatewayDevice.LANDevice.1.WLANConfiguration.5.WPS.SetupLockedState,false,2023-09-13T21:37:54.309Z,false,2023-09-13T21:37:54.309Z,"",,,,,,
InternetGatewayDevice.LANDevice.1.WLANConfiguration.5.WPS.UUID,false,2023-09-13T21:37:54.309Z,false,2023-09-13T21:37:54.309Z,"",,,,,,
InternetGatewayDevice.LANDevice.1.WLANConfiguration.5.WPS.Version,false,2023-09-13T21:37:54.309Z,false,2023-09-13T21:37:54.309Z,"",,,,,,
InternetGatewayDevice.LANDevice.1.WLANConfiguration.5.WPS.WPSRegistrar,true,2023-09-13T21:37:54.309Z,true,2023-09-13T21:37:54.309Z,"",,,,,,
InternetGatewayDevice.LANDevice.1.WLANConfiguration.5.WPS.X_HW_ConfigMethod,false,2023-09-13T21:37:54.309Z,true,2023-09-13T21:37:54.309Z,"",,,,,,
InternetGatewayDevice.LANDevice.1.WLANConfiguration.5.WPS.X_HW_PinGenerator,false,2023-09-13T21:37:54.309Z,true,2023-09-13T21:37:54.309Z,"",,,,,,
InternetGatewayDevice.LANDevice.1.WLANConfiguration.5.X_CT-COM_EnhanceEnable,false,2023-09-13T21:37:54.309Z,true,2023-09-13T21:37:54.309Z,"",,,,,,
InternetGatewayDevice.LANDevice.1.WLANConfiguration.5.X_HW_AdvanceConf,true,2023-09-13T21:37:54.309Z,true,2023-09-13T21:37:54.309Z,"",,,,,,
InternetGatewayDevice.LANDevice.1.WLANConfiguration.5.X_HW_AssociateNum,false,2023-09-13T21:37:54.309Z,true,2023-09-13T21:37:54.309Z,"",,,,,,
InternetGatewayDevice.LANDevice.1.WLANConfiguration.5.X_HW_AttachConf,true,2023-09-13T21:37:54.309Z,true,2023-09-13T21:37:54.309Z,"",,,,,,
InternetGatewayDevice.LANDevice.1.WLANConfiguration.5.X_HW_HT20,false,2023-09-13T21:37:54.309Z,true,2023-09-13T21:37:54.309Z,"3",xsd:unsignedInt,2023-09-13T21:37:54.425Z,,,,
InternetGatewayDevice.LANDevice.1.WLANConfiguration.5.X_HW_Mode,false,2023-09-13T21:37:54.309Z,true,2023-09-13T21:37:54.309Z,"",,,,,,
InternetGatewayDevice.LANDevice.1.WLANConfiguration.5.X_HW_PowerValue,false,2023-09-13T21:37:54.309Z,false,2023-09-13T21:37:54.309Z,"",,,,,,
InternetGatewayDevice.LANDevice.1.WLANConfiguration.5.X_HW_RFBand,false,2023-09-13T21:37:54.309Z,true,2023-09-13T21:37:54.309Z,"",,,,,,
InternetGatewayDevice.LANDevice.1.WLANConfiguration.5.X_HW_RadiuServer,false,2023-09-13T21:37:54.309Z,true,2023-09-13T21:37:54.309Z,"",,,,,,
InternetGatewayDevice.LANDevice.1.WLANConfiguration.5.X_HW_RadiusKey,false,2023-09-13T21:37:54.309Z,true,2023-09-13T21:37:54.309Z,"",,,,,,
InternetGatewayDevice.LANDevice.1.WLANConfiguration.5.X_HW_RadiusPort,false,2023-09-13T21:37:54.309Z,true,2023-09-13T21:37:54.309Z,"",,,,,,
InternetGatewayDevice.LANDevice.1.WLANConfiguration.5.X_HW_RetryTimeout,false,2023-09-13T21:37:54.309Z,true,2023-09-13T21:37:54.309Z,"",,,,,,
InternetGatewayDevice.LANDevice.1.WLANConfiguration.5.X_HW_Service,true,2023-09-13T21:37:54.309Z,true,2023-09-13T21:37:54.309Z,"",,,,,,
InternetGatewayDevice.LANDevice.1.WLANConfiguration.5.X_HW_Standard,false,2023-09-13T21:37:54.309Z,true,2023-09-13T21:37:54.309Z,"",,,,,,
InternetGatewayDevice.LANDevice.1.WLANConfiguration.5.X_HW_SupportedStandards,false,2023-09-13T21:37:54.309Z,false,2023-09-13T21:37:54.309Z,"",,,,,,
InternetGatewayDevice.LANDevice.1.WLANConfiguration.5.X_HW_VLAN,false,2023-09-13T21:37:54.309Z,true,2023-09-13T21:37:54.309Z,"",,,,,,
InternetGatewayDevice.LANDevice.1.WLANConfiguration.5.X_HW_WPAand11iAuthenticationMode,false,2023-09-13T21:37:54.309Z,true,2023-09-13T21:37:54.309Z,"",,,,,,
InternetGatewayDevice.LANDevice.1.WLANConfiguration.5.X_HW_WPAand11iEncryptionModes,false,2023-09-13T21:37:54.309Z,true,2023-09-13T21:37:54.309Z,"",,,,,,
InternetGatewayDevice.LANDevice.1.WLANConfiguration.5.X_HW_WPSKeyWord,false,2023-09-13T21:37:54.309Z,true,2023-09-13T21:37:54.309Z,"",,,,,,
InternetGatewayDevice.LANDevice.1.WLANConfiguration.5.X_HW_WebVisibility,false,2023-09-13T21:37:54.309Z,true,2023-09-13T21:37:54.309Z,"",,,,,,
InternetGatewayDevice.LANDevice.1.WLANConfiguration.5.X_HW_WorkMode,false,2023-09-13T21:37:54.309Z,true,2023-09-13T21:37:54.309Z,"",,,,,,
InternetGatewayDevice.LANDevice.1.WiFi,true,2023-09-13T19:43:42.035Z,true,2023-09-13T19:43:42.035Z,"",,,,,,
InternetGatewayDevice.LANDevice.1.X_HW_DHCPv6,true,2023-09-13T19:43:42.035Z,true,2023-09-13T19:43:42.035Z,"",,,,,,
InternetGatewayDevice.LANDevice.1.X_HW_IPv6Config,true,2023-09-13T19:43:42.035Z,true,2023-09-13T19:43:42.035Z,"",,,,,,
InternetGatewayDevice.LANDevice.1.X_HW_LanService,true,2023-09-13T19:43:42.035Z,true,2023-09-13T19:43:42.035Z,"",,,,,,
InternetGatewayDevice.LANDevice.1.X_HW_RouterAdvertisement,true,2023-09-13T19:43:42.035Z,true,2023-09-13T19:43:42.035Z,"",,,,,,
InternetGatewayDevice.LANDevice.1.X_HW_WLANForGuest,true,2023-09-13T19:43:42.035Z,true,2023-09-13T19:43:42.035Z,"",,,,,,
InternetGatewayDevice.LANDevice.1.X_HW_WLANForISP,true,2023-09-13T19:43:42.035Z,true,2023-09-13T19:43:42.035Z,"",,,,,,
InternetGatewayDevice.LANDevice.1.X_HW_WlanEnable,false,2023-09-13T19:43:42.035Z,true,2023-09-13T19:43:42.035Z,"",,,,,,
InternetGatewayDevice.LANDevice.1.X_HW_WlanPowerValue,false,2023-09-13T19:43:42.035Z,true,2023-09-13T19:43:42.035Z,"",,,,,,
InternetGatewayDevice.LANDevice.1.X_HW_Wps2Enable,false,2023-09-13T19:43:42.035Z,true,2023-09-13T19:43:42.035Z,"",,,,,,
InternetGatewayDevice.LANDeviceNumberOfEntries,false,2023-09-13T19:43:42.035Z,false,2023-09-13T19:43:42.035Z,"",,,,,,
InternetGatewayDevice.LANInterfaces,true,2023-09-13T19:43:42.035Z,true,2023-09-13T19:43:42.035Z,"",,,,,,
InternetGatewayDevice.Layer3Forwarding,true,2023-09-13T19:43:42.035Z,true,2023-09-13T19:43:42.035Z,"",,,,,,
InternetGatewayDevice.ManagementServer,true,2023-09-13T19:43:42.035Z,true,2023-09-13T19:43:42.035Z,"",,,,,,
InternetGatewayDevice.ManagementServer.ConnectionRequestPassword,false,2023-09-13T21:37:54.309Z,true,2023-09-13T21:37:54.309Z,"landufrj123",xsd:string,2023-09-13T21:37:54.334Z,,,,
InternetGatewayDevice.ManagementServer.ConnectionRequestURL,false,2023-09-13T21:37:54.309Z,true,2023-09-13T21:37:54.309Z,"http://192.168.89.119:7547/3e2fc0ee45b6778a29bb89224f55b422",xsd:string,2023-09-13T22:50:18.540Z,,,,
InternetGatewayDevice.ManagementServer.ConnectionRequestUsername,false,2023-09-13T21:37:54.309Z,true,2023-09-13T21:37:54.309Z,"anlix",xsd:string,2023-09-13T21:37:54.331Z,,,,
InternetGatewayDevice.ManagementServer.DefaultActiveNotificationThrottle,false,2023-09-13T21:37:54.309Z,true,2023-09-13T21:37:54.309Z,"",,,,,,
InternetGatewayDevice.ManagementServer.EnableCWMP,false,2023-09-13T21:37:54.309Z,true,2023-09-13T21:37:54.309Z,"",,,,,,
InternetGatewayDevice.ManagementServer.InformParameter,true,2023-09-13T21:37:54.309Z,true,2023-09-13T21:37:54.309Z,"",,,,,,
InternetGatewayDevice.ManagementServer.InformParameterNumberOfEntries,false,2023-09-13T21:37:54.309Z,false,2023-09-13T21:37:54.309Z,"",,,,,,
InternetGatewayDevice.ManagementServer.ManageableDevice,true,2023-09-13T21:37:54.309Z,false,2023-09-13T21:37:54.309Z,"",,,,,,
InternetGatewayDevice.ManagementServer.ManageableDeviceNotificationLimit,false,2023-09-13T21:37:54.309Z,true,2023-09-13T21:37:54.309Z,"",,,,,,
InternetGatewayDevice.ManagementServer.ManageableDeviceNumberOfEntries,false,2023-09-13T21:37:54.309Z,false,2023-09-13T21:37:54.309Z,"",,,,,,
InternetGatewayDevice.ManagementServer.NATDetected,false,2023-09-13T21:37:54.309Z,false,2023-09-13T21:37:54.309Z,"",,,,,,
InternetGatewayDevice.ManagementServer.ParameterKey,false,2023-09-13T21:37:54.309Z,false,2023-09-13T21:37:54.309Z,"",xsd:string,2023-09-13T22:50:18.540Z,,,,
InternetGatewayDevice.ManagementServer.Password,false,2023-09-13T21:37:54.309Z,true,2023-09-13T21:37:54.309Z,"",,,,,,
InternetGatewayDevice.ManagementServer.PeriodicInformEnable,false,2023-09-13T21:37:54.309Z,true,2023-09-13T21:37:54.309Z,"",,,,,,
InternetGatewayDevice.ManagementServer.PeriodicInformInterval,false,2023-09-13T21:37:54.309Z,true,2023-09-13T21:37:54.309Z,"560",xsd:unsignedInt,2023-09-13T21:38:00.785Z,,,,
InternetGatewayDevice.ManagementServer.PeriodicInformTime,false,2023-09-13T21:37:54.309Z,true,2023-09-13T21:37:54.309Z,"",,,,,,
InternetGatewayDevice.ManagementServer.UDPConnectionRequestAddress,false,2023-09-13T21:37:54.309Z,false,2023-09-13T21:37:54.309Z,"",,,,,,
InternetGatewayDevice.ManagementServer.UDPConnectionRequestAddressNotificationLimit,false,2023-09-13T21:37:54.309Z,true,2023-09-13T21:37:54.309Z,"",,,,,,
InternetGatewayDevice.ManagementServer.URL,false,2023-09-13T21:37:54.309Z,true,2023-09-13T21:37:54.309Z,"http://192.168.88.218:57547",xsd:string,2023-09-13T21:37:54.327Z,,,,
InternetGatewayDevice.ManagementServer.UpgradesManaged,false,2023-09-13T21:37:54.309Z,true,2023-09-13T21:37:54.309Z,"",,,,,,
InternetGatewayDevice.ManagementServer.Username,false,2023-09-13T21:37:54.309Z,true,2023-09-13T21:37:54.309Z,"",,,,,,
InternetGatewayDevice.ManagementServer.VirtualDevice,true,2023-09-13T21:37:54.309Z,true,2023-09-13T21:37:54.309Z,"",,,,,,
InternetGatewayDevice.ManagementServer.X_HW_CertPassword,false,2023-09-13T21:37:54.309Z,true,2023-09-13T21:37:54.309Z,"",,,,,,
InternetGatewayDevice.ManagementServer.X_HW_CheckUrlRandom,false,2023-09-13T21:37:54.309Z,true,2023-09-13T21:37:54.309Z,"",,,,,,
InternetGatewayDevice.ManagementServer.X_HW_DSCP,false,2023-09-13T21:37:54.309Z,true,2023-09-13T21:37:54.309Z,"",,,,,,
InternetGatewayDevice.ManagementServer.X_HW_EnableCertificate,false,2023-09-13T21:37:54.309Z,true,2023-09-13T21:37:54.309Z,"",,,,,,
InternetGatewayDevice.ManagementServer.X_HW_RandomInformEnable,false,2023-09-13T21:37:54.309Z,true,2023-09-13T21:37:54.309Z,"",,,,,,
InternetGatewayDevice.ManagementServer.X_HW_Syntax,false,2023-09-13T21:37:54.309Z,true,2023-09-13T21:37:54.309Z,"",,,,,,
InternetGatewayDevice.Optical,true,2023-09-13T19:43:42.035Z,true,2023-09-13T19:43:42.035Z,"",,,,,,
InternetGatewayDevice.QueueManagement,true,2023-09-13T19:43:42.035Z,true,2023-09-13T19:43:42.035Z,"",,,,,,
InternetGatewayDevice.Security,true,2023-09-13T19:43:42.035Z,false,2023-09-13T19:43:42.035Z,"",,,,,,
InternetGatewayDevice.ServerSelectionDiagnostics,true,2023-09-13T19:43:42.035Z,true,2023-09-13T19:43:42.035Z,"",,,,,,
InternetGatewayDevice.Services,true,2023-09-13T19:43:42.035Z,true,2023-09-13T19:43:42.035Z,"",,,,,,
InternetGatewayDevice.Services.StorageService,true,2023-09-13T19:43:42.035Z,true,2023-09-13T19:43:42.035Z,"",,,,,,
InternetGatewayDevice.Services.X_HW_AccessLimit,true,2023-09-13T19:43:42.035Z,true,2023-09-13T19:43:42.035Z,"",,,,,,
InternetGatewayDevice.Services.X_HW_CLOUDVR,true,2023-09-13T19:43:42.035Z,true,2023-09-13T19:43:42.035Z,"",,,,,,
InternetGatewayDevice.Services.X_HW_DmsService,true,2023-09-13T19:43:42.035Z,true,2023-09-13T19:43:42.035Z,"",,,,,,
InternetGatewayDevice.Services.X_HW_FTPClientNumberOfEntries,false,2023-09-13T19:43:42.035Z,false,2023-09-13T19:43:42.035Z,"",,,,,,
InternetGatewayDevice.Services.X_HW_FTPServerNumberOfEntries,false,2023-09-13T19:43:42.035Z,false,2023-09-13T19:43:42.035Z,"",,,,,,
InternetGatewayDevice.Services.X_HW_IPTV,true,2023-09-13T19:43:42.035Z,false,2023-09-13T19:43:42.035Z,"",,,,,,
InternetGatewayDevice.Services.X_HW_IPTVDiagnostics,true,2023-09-13T19:43:42.035Z,true,2023-09-13T19:43:42.035Z,"",,,,,,
InternetGatewayDevice.Services.X_HW_PortalManagement,true,2023-09-13T19:43:42.035Z,true,2023-09-13T19:43:42.035Z,"",,,,,,
InternetGatewayDevice.Services.X_HW_UserNumberOfEntries,false,2023-09-13T19:43:42.035Z,false,2023-09-13T19:43:42.035Z,"",,,,,,
InternetGatewayDevice.Services.X_HW_VideoDevice,true,2023-09-13T19:43:42.035Z,true,2023-09-13T19:43:42.035Z,"",,,,,,
InternetGatewayDevice.SoftwareModules,true,2023-09-13T19:43:42.035Z,false,2023-09-13T19:43:42.035Z,"",,,,,,
InternetGatewayDevice.Time,true,2023-09-13T19:43:42.035Z,true,2023-09-13T19:43:42.035Z,"",,,,,,
InternetGatewayDevice.TraceRouteDiagnostics,true,2023-09-13T19:43:42.035Z,true,2023-09-13T19:43:42.035Z,"",,,,,,
InternetGatewayDevice.UDPEchoConfig,true,2023-09-13T19:43:42.035Z,true,2023-09-13T19:43:42.035Z,"",,,,,,
InternetGatewayDevice.UploadDiagnostics,true,2023-09-13T19:43:42.035Z,true,2023-09-13T19:43:42.035Z,"",,,,,,
InternetGatewayDevice.UserInterface,true,2023-09-13T19:43:42.035Z,true,2023-09-13T19:43:42.035Z,"",,,,,,
InternetGatewayDevice.UserInterface.X_HW_CLISSHControl,true,2023-09-13T19:43:42.035Z,true,2023-09-13T19:43:42.035Z,"",,,,,,
InternetGatewayDevice.UserInterface.X_HW_CLITelnetAccess,true,2023-09-13T19:43:42.035Z,true,2023-09-13T19:43:42.035Z,"",,,,,,
InternetGatewayDevice.UserInterface.X_HW_CLIUserInfo,true,2023-09-13T19:43:42.035Z,true,2023-09-13T19:43:42.035Z,"",,,,,,
InternetGatewayDevice.UserInterface.X_HW_RemoteWebPwdRuler,false,2023-09-13T19:43:42.035Z,true,2023-09-13T19:43:42.035Z,"",,,,,,
InternetGatewayDevice.UserInterface.X_HW_WebUserInfo,true,2023-09-13T19:43:42.035Z,true,2023-09-13T19:43:42.035Z,"",,,,,,
InternetGatewayDevice.UserInterface.X_HW_WebUserInfo.1,true,2023-09-13T19:43:42.035Z,true,2023-09-13T19:43:42.035Z,"",,,,,,
InternetGatewayDevice.UserInterface.X_HW_WebUserInfo.2,true,2023-09-13T19:43:42.035Z,true,2023-09-13T19:43:42.035Z,"",,,,,,
InternetGatewayDevice.UserInterface.X_HW_WebUserInfo.2.AdminWebIp,false,2023-09-13T21:37:54.309Z,true,2023-09-13T21:37:54.309Z,"",,,,,,
InternetGatewayDevice.UserInterface.X_HW_WebUserInfo.2.Enable,false,2023-09-13T21:37:54.309Z,true,2023-09-13T21:37:54.309Z,"",,,,,,
InternetGatewayDevice.UserInterface.X_HW_WebUserInfo.2.HintPassword,false,2023-09-13T21:37:54.309Z,true,2023-09-13T21:37:54.309Z,"",,,,,,
InternetGatewayDevice.UserInterface.X_HW_WebUserInfo.2.Password,false,2023-09-13T21:37:54.309Z,true,2023-09-13T21:37:54.309Z,"A@Nlix123",xsd:string,2023-09-13T22:49:14.367Z,,,,
InternetGatewayDevice.UserInterface.X_HW_WebUserInfo.2.UserName,false,2023-09-13T21:37:54.309Z,true,2023-09-13T21:37:54.309Z,"admin",xsd:string,2023-09-13T22:49:12.319Z,,,,
InternetGatewayDevice.UserInterface.X_HW_WebUserInfo.2.WebIp,false,2023-09-13T21:37:54.309Z,true,2023-09-13T21:37:54.309Z,"",,,,,,
InternetGatewayDevice.UserInterface.X_HW_WebUserNumber,false,2023-09-13T19:43:42.035Z,false,2023-09-13T19:43:42.035Z,"",,,,,,
InternetGatewayDevice.WANDevice,true,2023-09-13T19:43:42.035Z,true,2023-09-13T19:43:42.035Z,"",,,,,,
InternetGatewayDevice.WANDevice.1,true,2023-09-13T19:43:42.035Z,,,"",,,,,,
InternetGatewayDevice.WANDevice.1.WANCommonInterfaceConfig,true,2023-09-13T19:53:42.269Z,true,2023-09-13T19:53:42.269Z,"",,,,,,
InternetGatewayDevice.WANDevice.1.WANConnectionDevice,true,2023-09-13T19:53:42.269Z,true,2023-09-13T19:53:42.269Z,"",,,,,,
InternetGatewayDevice.WANDevice.1.WANConnectionDevice.1,true,2023-09-13T19:53:42.269Z,true,2023-09-13T19:53:42.269Z,"",,,,,,
InternetGatewayDevice.WANDevice.1.WANConnectionDevice.1.WANIPConnection,true,2023-09-13T19:53:42.269Z,true,2023-09-13T19:53:42.269Z,"",,,,,,
InternetGatewayDevice.WANDevice.1.WANConnectionDevice.1.WANIPConnectionNumberOfEntries,false,2023-09-13T19:53:42.269Z,false,2023-09-13T19:53:42.269Z,"",,,,,,
InternetGatewayDevice.WANDevice.1.WANConnectionDevice.1.WANPPPConnection,true,2023-09-13T19:53:42.269Z,true,2023-09-13T19:53:42.269Z,"",,,,,,
InternetGatewayDevice.WANDevice.1.WANConnectionDevice.1.WANPPPConnection.1,true,2023-09-13T19:53:42.269Z,true,2023-09-13T19:53:42.269Z,"",,,,,,
InternetGatewayDevice.WANDevice.1.WANConnectionDevice.1.WANPPPConnection.1.AutoDisconnectTime,false,2023-09-13T21:37:54.309Z,true,2023-09-13T21:37:54.309Z,"0",xsd:unsignedInt,2023-09-13T21:37:54.339Z,,,,
InternetGatewayDevice.WANDevice.1.WANConnectionDevice.1.WANPPPConnection.1.ConnectionStatus,false,2023-09-13T21:37:54.309Z,false,2023-09-13T21:37:54.309Z,"Connected",xsd:string,2023-09-13T21:37:54.339Z,,,,
InternetGatewayDevice.WANDevice.1.WANConnectionDevice.1.WANPPPConnection.1.ConnectionTrigger,false,2023-09-13T21:37:54.309Z,true,2023-09-13T21:37:54.309Z,"AlwaysOn",xsd:string,2023-09-13T21:37:54.339Z,,,,
InternetGatewayDevice.WANDevice.1.WANConnectionDevice.1.WANPPPConnection.1.ConnectionType,false,2023-09-13T21:37:54.309Z,true,2023-09-13T21:37:54.309Z,"IP_Routed",xsd:string,2023-09-13T21:37:54.339Z,,,,
InternetGatewayDevice.WANDevice.1.WANConnectionDevice.1.WANPPPConnection.1.CurrentMRUSize,false,2023-09-13T21:37:54.309Z,false,2023-09-13T21:37:54.309Z,"1480",xsd:unsignedInt,2023-09-13T21:37:54.339Z,,,,
InternetGatewayDevice.WANDevice.1.WANConnectionDevice.1.WANPPPConnection.1.DNSEnabled,false,2023-09-13T21:37:54.309Z,true,2023-09-13T21:37:54.309Z,"true",xsd:boolean,2023-09-13T21:37:54.339Z,,,,
InternetGatewayDevice.WANDevice.1.WANConnectionDevice.1.WANPPPConnection.1.DNSOverrideAllowed,false,2023-09-13T21:37:54.309Z,true,2023-09-13T21:37:54.309Z,"false",xsd:boolean,2023-09-13T21:37:54.339Z,,,,
InternetGatewayDevice.WANDevice.1.WANConnectionDevice.1.WANPPPConnection.1.DNSServers,false,2023-09-13T21:37:54.309Z,true,2023-09-13T21:37:54.309Z,"192.168.88.1",xsd:string,2023-09-13T21:37:54.339Z,,,,
InternetGatewayDevice.WANDevice.1.WANConnectionDevice.1.WANPPPConnection.1.DefaultGateway,false,2023-09-13T21:37:54.309Z,false,2023-09-13T21:37:54.309Z,"192.168.89.1",xsd:string,2023-09-13T21:37:54.339Z,,,,
InternetGatewayDevice.WANDevice.1.WANConnectionDevice.1.WANPPPConnection.1.Enable,false,2023-09-13T21:37:54.309Z,true,2023-09-13T21:37:54.309Z,"true",xsd:boolean,2023-09-13T21:37:54.339Z,,,,
InternetGatewayDevice.WANDevice.1.WANConnectionDevice.1.WANPPPConnection.1.ExternalIPAddress,false,2023-09-13T21:37:54.309Z,false,2023-09-13T21:37:54.309Z,"192.168.89.119",xsd:string,2023-09-13T22:50:18.540Z,,,,
InternetGatewayDevice.WANDevice.1.WANConnectionDevice.1.WANPPPConnection.1.IdleDisconnectTime,false,2023-09-13T21:37:54.309Z,true,2023-09-13T21:37:54.309Z,"180",xsd:unsignedInt,2023-09-13T21:37:54.339Z,,,,
InternetGatewayDevice.WANDevice.1.WANConnectionDevice.1.WANPPPConnection.1.LastConnectionError,false,2023-09-13T21:37:54.309Z,false,2023-09-13T21:37:54.309Z,"ERROR_NONE",xsd:string,2023-09-13T21:37:54.339Z,,,,
InternetGatewayDevice.WANDevice.1.WANConnectionDevice.1.WANPPPConnection.1.MACAddress,false,2023-09-13T21:37:54.309Z,false,2023-09-13T21:37:54.309Z,"94:25:33:3B:D1:C3",xsd:string,2023-09-13T21:37:54.339Z,,,,
InternetGatewayDevice.WANDevice.1.WANConnectionDevice.1.WANPPPConnection.1.MACAddressOverride,false,2023-09-13T21:37:54.309Z,true,2023-09-13T21:37:54.309Z,"false",xsd:boolean,2023-09-13T21:37:54.339Z,,,,
InternetGatewayDevice.WANDevice.1.WANConnectionDevice.1.WANPPPConnection.1.MaxMRUSize,false,2023-09-13T21:37:54.309Z,true,2023-09-13T21:37:54.309Z,"1492",xsd:unsignedInt,2023-09-13T21:37:54.339Z,,,,
InternetGatewayDevice.WANDevice.1.WANConnectionDevice.1.WANPPPConnection.1.NATEnabled,false,2023-09-13T21:37:54.309Z,true,2023-09-13T21:37:54.309Z,"true",xsd:boolean,2023-09-13T21:37:54.339Z,,,,
InternetGatewayDevice.WANDevice.1.WANConnectionDevice.1.WANPPPConnection.1.Name,false,2023-09-13T21:37:54.309Z,true,2023-09-13T21:37:54.309Z,"1_TR069_VOIP_IPTV_INTERNET_R_VID_1",xsd:string,2023-09-13T21:37:54.339Z,,,,
InternetGatewayDevice.WANDevice.1.WANConnectionDevice.1.WANPPPConnection.1.PPPAuthenticationProtocol,false,2023-09-13T21:37:54.309Z,false,2023-09-13T21:37:54.309Z,"PAP",xsd:string,2023-09-13T21:37:54.339Z,,,,
InternetGatewayDevice.WANDevice.1.WANConnectionDevice.1.WANPPPConnection.1.PPPCompressionProtocol,false,2023-09-13T21:37:54.309Z,false,2023-09-13T21:37:54.309Z,"None",xsd:string,2023-09-13T21:37:54.339Z,,,,
InternetGatewayDevice.WANDevice.1.WANConnectionDevice.1.WANPPPConnection.1.PPPEncryptionProtocol,false,2023-09-13T21:37:54.309Z,false,2023-09-13T21:37:54.309Z,"None",xsd:string,2023-09-13T21:37:54.339Z,,,,
InternetGatewayDevice.WANDevice.1.WANConnectionDevice.1.WANPPPConnection.1.PPPLCPEcho,false,2023-09-13T21:37:54.309Z,true,2023-09-13T21:37:54.309Z,"30",xsd:unsignedInt,2023-09-13T21:37:54.339Z,,,,
InternetGatewayDevice.WANDevice.1.WANConnectionDevice.1.WANPPPConnection.1.PPPLCPEchoRetry,false,2023-09-13T21:37:54.309Z,true,2023-09-13T21:37:54.309Z,"6",xsd:unsignedInt,2023-09-13T21:37:54.339Z,,,,
InternetGatewayDevice.WANDevice.1.WANConnectionDevice.1.WANPPPConnection.1.PPPoEACName,false,2023-09-13T21:37:54.309Z,true,2023-09-13T21:37:54.309Z,"MikroTik",xsd:string,2023-09-13T21:37:54.339Z,,,,
InternetGatewayDevice.WANDevice.1.WANConnectionDevice.1.WANPPPConnection.1.PPPoEServiceName,false,2023-09-13T21:37:54.309Z,true,2023-09-13T21:37:54.309Z,"",xsd:string,2023-09-13T21:37:54.339Z,,,,
InternetGatewayDevice.WANDevice.1.WANConnectionDevice.1.WANPPPConnection.1.PPPoESessionID,false,2023-09-13T21:37:54.309Z,false,2023-09-13T21:37:54.309Z,"16085",xsd:unsignedInt,2023-09-13T21:37:54.339Z,,,,
InternetGatewayDevice.WANDevice.1.WANConnectionDevice.1.WANPPPConnection.1.Password,false,2023-09-13T21:37:54.309Z,true,2023-09-13T21:37:54.309Z,"",xsd:string,2023-09-13T21:37:54.339Z,,,,
InternetGatewayDevice.WANDevice.1.WANConnectionDevice.1.WANPPPConnection.1.PortMapping,true,2023-09-13T21:37:54.309Z,true,2023-09-13T21:37:54.309Z,"",,,,,,
InternetGatewayDevice.WANDevice.1.WANConnectionDevice.1.WANPPPConnection.1.PortMappingNumberOfEntries,false,2023-09-13T21:37:54.309Z,false,2023-09-13T21:37:54.309Z,"0",xsd:unsignedInt,2023-09-13T21:37:54.339Z,,,,
InternetGatewayDevice.WANDevice.1.WANConnectionDevice.1.WANPPPConnection.1.PossibleConnectionTypes,false,2023-09-13T21:37:54.309Z,false,2023-09-13T21:37:54.309Z,"IP_Routed,PPPoE_Bridged",xsd:string,2023-09-13T21:37:54.339Z,,,,
InternetGatewayDevice.WANDevice.1.WANConnectionDevice.1.WANPPPConnection.1.RSIPAvailable,false,2023-09-13T21:37:54.309Z,false,2023-09-13T21:37:54.309Z,"false",xsd:boolean,2023-09-13T21:37:54.339Z,,,,
InternetGatewayDevice.WANDevice.1.WANConnectionDevice.1.WANPPPConnection.1.RemoteIPAddress,false,2023-09-13T21:37:54.309Z,false,2023-09-13T21:37:54.309Z,"192.168.89.1",xsd:string,2023-09-13T21:37:54.339Z,,,,
InternetGatewayDevice.WANDevice.1.WANConnectionDevice.1.WANPPPConnection.1.Reset,false,2023-09-13T21:37:54.309Z,true,2023-09-13T21:37:54.309Z,"false",xsd:boolean,2023-09-13T21:37:54.339Z,,,,
InternetGatewayDevice.WANDevice.1.WANConnectionDevice.1.WANPPPConnection.1.RouteProtocolRx,false,2023-09-13T21:37:54.309Z,true,2023-09-13T21:37:54.309Z,"Off",xsd:string,2023-09-13T21:37:54.339Z,,,,
InternetGatewayDevice.WANDevice.1.WANConnectionDevice.1.WANPPPConnection.1.ShapingBurstSize,false,2023-09-13T21:37:54.309Z,true,2023-09-13T21:37:54.309Z,"0",xsd:unsignedInt,2023-09-13T21:37:54.339Z,,,,
InternetGatewayDevice.WANDevice.1.WANConnectionDevice.1.WANPPPConnection.1.ShapingRate,false,2023-09-13T21:37:54.309Z,true,2023-09-13T21:37:54.309Z,"-1",xsd:int,2023-09-13T21:37:54.339Z,,,,
InternetGatewayDevice.WANDevice.1.WANConnectionDevice.1.WANPPPConnection.1.Stats,true,2023-09-13T21:37:54.309Z,true,2023-09-13T21:37:54.309Z,"",,,,,,
InternetGatewayDevice.WANDevice.1.WANConnectionDevice.1.WANPPPConnection.1.Stats.EthernetBroadcastPacketsReceived,false,2023-09-13T21:37:54.309Z,false,2023-09-13T21:37:54.309Z,"1323912",xsd:unsignedInt,2023-09-13T19:53:42.271Z,,,,
InternetGatewayDevice.WANDevice.1.WANConnectionDevice.1.WANPPPConnection.1.Stats.EthernetBroadcastPacketsSent,false,2023-09-13T21:37:54.309Z,false,2023-09-13T21:37:54.309Z,"1",xsd:unsignedInt,2023-09-13T19:53:42.271Z,,,,
InternetGatewayDevice.WANDevice.1.WANConnectionDevice.1.WANPPPConnection.1.Stats.EthernetBytesReceived,false,2023-09-13T21:37:54.309Z,false,2023-09-13T21:37:54.309Z,"325761674",xsd:unsignedInt,2023-09-13T19:53:42.271Z,,,,
InternetGatewayDevice.WANDevice.1.WANConnectionDevice.1.WANPPPConnection.1.Stats.EthernetBytesSent,false,2023-09-13T21:37:54.309Z,false,2023-09-13T21:37:54.309Z,"190446056",xsd:unsignedInt,2023-09-13T19:53:42.271Z,,,,
InternetGatewayDevice.WANDevice.1.WANConnectionDevice.1.WANPPPConnection.1.Stats.EthernetDiscardPacketsReceived,false,2023-09-13T21:37:54.309Z,false,2023-09-13T21:37:54.309Z,"0",xsd:unsignedInt,2023-09-13T19:53:42.271Z,,,,
InternetGatewayDevice.WANDevice.1.WANConnectionDevice.1.WANPPPConnection.1.Stats.EthernetDiscardPacketsSent,false,2023-09-13T21:37:54.309Z,false,2023-09-13T21:37:54.309Z,"0",xsd:unsignedInt,2023-09-13T19:53:42.271Z,,,,
InternetGatewayDevice.WANDevice.1.WANConnectionDevice.1.WANPPPConnection.1.Stats.EthernetErrorsReceived,false,2023-09-13T21:37:54.309Z,false,2023-09-13T21:37:54.309Z,"0",xsd:unsignedInt,2023-09-13T19:53:42.271Z,,,,
InternetGatewayDevice.WANDevice.1.WANConnectionDevice.1.WANPPPConnection.1.Stats.EthernetErrorsSent,false,2023-09-13T21:37:54.309Z,false,2023-09-13T21:37:54.309Z,"0",xsd:unsignedInt,2023-09-13T19:53:42.271Z,,,,
InternetGatewayDevice.WANDevice.1.WANConnectionDevice.1.WANPPPConnection.1.Stats.EthernetMulticastPacketsReceived,false,2023-09-13T21:37:54.309Z,false,2023-09-13T21:37:54.309Z,"865708",xsd:unsignedInt,2023-09-13T19:53:42.271Z,,,,
InternetGatewayDevice.WANDevice.1.WANConnectionDevice.1.WANPPPConnection.1.Stats.EthernetMulticastPacketsSent,false,2023-09-13T21:37:54.309Z,false,2023-09-13T21:37:54.309Z,"0",xsd:unsignedInt,2023-09-13T19:53:42.271Z,,,,
InternetGatewayDevice.WANDevice.1.WANConnectionDevice.1.WANPPPConnection.1.Stats.EthernetPacketsReceived,false,2023-09-13T21:37:54.309Z,false,2023-09-13T21:37:54.309Z,"2543163",xsd:unsignedInt,2023-09-13T19:53:42.271Z,,,,
InternetGatewayDevice.WANDevice.1.WANConnectionDevice.1.WANPPPConnection.1.Stats.EthernetPacketsSent,false,2023-09-13T21:37:54.309Z,false,2023-09-13T21:37:54.309Z,"367821",xsd:unsignedInt,2023-09-13T19:53:42.271Z,,,,
InternetGatewayDevice.WANDevice.1.WANConnectionDevice.1.WANPPPConnection.1.Stats.EthernetUnicastPacketsReceived,false,2023-09-13T21:37:54.309Z,false,2023-09-13T21:37:54.309Z,"353543",xsd:unsignedInt,2023-09-13T19:53:42.271Z,,,,
InternetGatewayDevice.WANDevice.1.WANConnectionDevice.1.WANPPPConnection.1.Stats.EthernetUnicastPacketsSent,false,2023-09-13T21:37:54.309Z,false,2023-09-13T21:37:54.309Z,"367820",xsd:unsignedInt,2023-09-13T19:53:42.271Z,,,,
InternetGatewayDevice.WANDevice.1.WANConnectionDevice.1.WANPPPConnection.1.Stats.EthernetUnknownProtoPacketsReceived,false,2023-09-13T21:37:54.309Z,false,2023-09-13T21:37:54.309Z,"0",xsd:unsignedInt,2023-09-13T19:53:42.271Z,,,,
InternetGatewayDevice.WANDevice.1.WANConnectionDevice.1.WANPPPConnection.1.Stats.X_HW_EthernetBytesReceivedHigh,false,2023-09-13T21:37:54.309Z,false,2023-09-13T21:37:54.309Z,"0",xsd:unsignedInt,2023-09-13T19:53:42.271Z,,,,
InternetGatewayDevice.WANDevice.1.WANConnectionDevice.1.WANPPPConnection.1.Stats.X_HW_EthernetBytesReceivedLow,false,2023-09-13T21:37:54.309Z,false,2023-09-13T21:37:54.309Z,"325761674",xsd:unsignedInt,2023-09-13T19:53:42.271Z,,,,
InternetGatewayDevice.WANDevice.1.WANConnectionDevice.1.WANPPPConnection.1.Stats.X_HW_EthernetBytesSentHigh,false,2023-09-13T21:37:54.309Z,false,2023-09-13T21:37:54.309Z,"0",xsd:unsignedInt,2023-09-13T19:53:42.271Z,,,,
InternetGatewayDevice.WANDevice.1.WANConnectionDevice.1.WANPPPConnection.1.Stats.X_HW_EthernetBytesSentLow,false,2023-09-13T21:37:54.309Z,false,2023-09-13T21:37:54.309Z,"190446056",xsd:unsignedInt,2023-09-13T19:53:42.271Z,,,,
InternetGatewayDevice.WANDevice.1.WANConnectionDevice.1.WANPPPConnection.1.TransportType,false,2023-09-13T21:37:54.309Z,false,2023-09-13T21:37:54.309Z,"PPPoE",xsd:string,2023-09-13T21:37:54.339Z,,,,
InternetGatewayDevice.WANDevice.1.WANConnectionDevice.1.WANPPPConnection.1.Uptime,false,2023-09-13T21:37:54.309Z,false,2023-09-13T21:37:54.309Z,"632505",xsd:unsignedInt,2023-09-13T21:37:54.339Z,,,,
InternetGatewayDevice.WANDevice.1.WANConnectionDevice.1.WANPPPConnection.1.Username,false,2023-09-13T21:37:54.309Z,true,2023-09-13T21:37:54.309Z,"admin123",xsd:string,2023-09-13T21:37:54.339Z,,,,
InternetGatewayDevice.WANDevice.1.WANConnectionDevice.1.WANPPPConnection.1.WarnDisconnectDelay,false,2023-09-13T21:37:54.309Z,true,2023-09-13T21:37:54.309Z,"0",xsd:unsignedInt,2023-09-13T21:37:54.339Z,,,,
InternetGatewayDevice.WANDevice.1.WANConnectionDevice.1.WANPPPConnection.1.X_HW_6RDTunnel,true,2023-09-13T21:37:54.309Z,true,2023-09-13T21:37:54.309Z,"",,,,,,
InternetGatewayDevice.WANDevice.1.WANConnectionDevice.1.WANPPPConnection.1.X_HW_6RDTunnel.Enable,false,2023-09-13T21:37:54.309Z,true,2023-09-13T21:37:54.309Z,"false",xsd:boolean,2023-09-13T19:53:42.271Z,,,,
InternetGatewayDevice.WANDevice.1.WANConnectionDevice.1.WANPPPConnection.1.X_HW_6RDTunnel.RdBRIPv4Address,false,2023-09-13T21:37:54.309Z,true,2023-09-13T21:37:54.309Z,"",xsd:string,2023-09-13T19:53:42.271Z,,,,
InternetGatewayDevice.WANDevice.1.WANConnectionDevice.1.WANPPPConnection.1.X_HW_6RDTunnel.RdIPv4MaskLen,false,2023-09-13T21:37:54.309Z,true,2023-09-13T21:37:54.309Z,"10",xsd:unsignedInt,2023-09-13T19:53:42.271Z,,,,
InternetGatewayDevice.WANDevice.1.WANConnectionDevice.1.WANPPPConnection.1.X_HW_6RDTunnel.RdPrefix,false,2023-09-13T21:37:54.309Z,true,2023-09-13T21:37:54.309Z,"",xsd:string,2023-09-13T19:53:42.271Z,,,,
InternetGatewayDevice.WANDevice.1.WANConnectionDevice.1.WANPPPConnection.1.X_HW_6RDTunnel.RdPrefixLen,false,2023-09-13T21:37:54.309Z,true,2023-09-13T21:37:54.309Z,"40",xsd:unsignedInt,2023-09-13T19:53:42.271Z,,,,
InternetGatewayDevice.WANDevice.1.WANConnectionDevice.1.WANPPPConnection.1.X_HW_AgentRemoteIdMode,false,2023-09-13T21:37:54.309Z,true,2023-09-13T21:37:54.309Z,"off",xsd:string,2023-09-13T21:37:54.339Z,,,,
InternetGatewayDevice.WANDevice.1.WANConnectionDevice.1.WANPPPConnection.1.X_HW_DDNSConfiguration,true,2023-09-13T21:37:54.309Z,true,2023-09-13T21:37:54.309Z,"",,,,,,
InternetGatewayDevice.WANDevice.1.WANConnectionDevice.1.WANPPPConnection.1.X_HW_DMZ,true,2023-09-13T21:37:54.309Z,true,2023-09-13T21:37:54.309Z,"",,,,,,
InternetGatewayDevice.WANDevice.1.WANConnectionDevice.1.WANPPPConnection.1.X_HW_DMZ.DMZEnable,false,2023-09-13T21:37:54.309Z,true,2023-09-13T21:37:54.309Z,"false",xsd:boolean,2023-09-13T19:53:42.271Z,,,,
InternetGatewayDevice.WANDevice.1.WANConnectionDevice.1.WANPPPConnection.1.X_HW_DMZ.DMZHostIPAddress,false,2023-09-13T21:37:54.309Z,true,2023-09-13T21:37:54.309Z,"",xsd:string,2023-09-13T19:53:42.271Z,,,,
InternetGatewayDevice.WANDevice.1.WANConnectionDevice.1.WANPPPConnection.1.X_HW_DefaultPri,false,2023-09-13T21:37:54.309Z,true,2023-09-13T21:37:54.309Z,"0",xsd:unsignedInt,2023-09-13T21:37:54.339Z,,,,
InternetGatewayDevice.WANDevice.1.WANConnectionDevice.1.WANPPPConnection.1.X_HW_Dnsv4ProxyForV6,false,2023-09-13T21:37:54.309Z,true,2023-09-13T21:37:54.309Z,"false",xsd:boolean,2023-09-13T21:37:54.339Z,,,,
InternetGatewayDevice.WANDevice.1.WANConnectionDevice.1.WANPPPConnection.1.X_HW_DscpToPbitTbl,false,2023-09-13T21:37:54.309Z,true,2023-09-13T21:37:54.309Z,"",xsd:string,2023-09-13T21:37:54.339Z,,,,
InternetGatewayDevice.WANDevice.1.WANConnectionDevice.1.WANPPPConnection.1.X_HW_ExServiceList,false,2023-09-13T21:37:54.309Z,true,2023-09-13T21:37:54.309Z,"TR069_VOIP_IPTV_INTERNET",xsd:string,2023-09-13T21:37:54.339Z,,,,
InternetGatewayDevice.WANDevice.1.WANConnectionDevice.1.WANPPPConnection.1.X_HW_HURL,false,2023-09-13T21:37:54.309Z,false,2023-09-13T21:37:54.309Z,"",xsd:string,2023-09-13T21:37:54.339Z,,,,
InternetGatewayDevice.WANDevice.1.WANConnectionDevice.1.WANPPPConnection.1.X_HW_IPv4Enable,false,2023-09-13T21:37:54.309Z,true,2023-09-13T21:37:54.309Z,"true",xsd:boolean,2023-09-13T21:37:54.339Z,,,,
InternetGatewayDevice.WANDevice.1.WANConnectionDevice.1.WANPPPConnection.1.X_HW_IPv6,true,2023-09-13T21:37:54.309Z,true,2023-09-13T21:37:54.309Z,"",,,,,,
InternetGatewayDevice.WANDevice.1.WANConnectionDevice.1.WANPPPConnection.1.X_HW_IPv6.DSLite,true,2023-09-13T21:37:54.309Z,true,2023-09-13T21:37:54.309Z,"",,,,,,
InternetGatewayDevice.WANDevice.1.WANConnectionDevice.1.WANPPPConnection.1.X_HW_IPv6.DSLite.AFTRName,false,2023-09-13T21:37:54.309Z,true,2023-09-13T21:37:54.309Z,"",xsd:string,2023-09-13T19:53:42.271Z,,,,
InternetGatewayDevice.WANDevice.1.WANConnectionDevice.1.WANPPPConnection.1.X_HW_IPv6.DSLite.InTunnelMTU,false,2023-09-13T21:37:54.309Z,true,2023-09-13T21:37:54.309Z,"1460",xsd:unsignedInt,2023-09-13T19:53:42.271Z,,,,
InternetGatewayDevice.WANDevice.1.WANConnectionDevice.1.WANPPPConnection.1.X_HW_IPv6.DSLite.OutTunnelMTU,false,2023-09-13T21:37:54.309Z,true,2023-09-13T21:37:54.309Z,"1500",xsd:unsignedInt,2023-09-13T19:53:42.271Z,,,,
InternetGatewayDevice.WANDevice.1.WANConnectionDevice.1.WANPPPConnection.1.X_HW_IPv6.DSLite.WorkMode,false,2023-09-13T21:37:54.309Z,true,2023-09-13T21:37:54.309Z,"Off",xsd:string,2023-09-13T19:53:42.271Z,,,,
InternetGatewayDevice.WANDevice.1.WANConnectionDevice.1.WANPPPConnection.1.X_HW_IPv6.IPv6Address,true,2023-09-13T21:37:54.309Z,true,2023-09-13T21:37:54.309Z,"",,,,,,
InternetGatewayDevice.WANDevice.1.WANConnectionDevice.1.WANPPPConnection.1.X_HW_IPv6.IPv6Address.1,true,2023-09-13T21:37:54.309Z,true,2023-09-13T21:37:54.309Z,"",,,,,,
InternetGatewayDevice.WANDevice.1.WANConnectionDevice.1.WANPPPConnection.1.X_HW_IPv6.IPv6Address.1.AddrMaskLen,false,2023-09-13T21:37:54.309Z,true,2023-09-13T21:37:54.309Z,"128",xsd:unsignedInt,2023-09-13T21:37:54.339Z,,,,
InternetGatewayDevice.WANDevice.1.WANConnectionDevice.1.WANPPPConnection.1.X_HW_IPv6.IPv6Address.1.Alias,false,2023-09-13T21:37:54.309Z,true,2023-09-13T21:37:54.309Z,"cpe-1",xsd:string,2023-09-13T21:37:54.339Z,,,,
InternetGatewayDevice.WANDevice.1.WANConnectionDevice.1.WANPPPConnection.1.X_HW_IPv6.IPv6Address.1.ChildPrefixBits,false,2023-09-13T21:37:54.309Z,true,2023-09-13T21:37:54.309Z,"",xsd:string,2023-09-13T21:37:54.339Z,,,,
InternetGatewayDevice.WANDevice.1.WANConnectionDevice.1.WANPPPConnection.1.X_HW_IPv6.IPv6Address.1.DefaultGateway,false,2023-09-13T21:37:54.309Z,true,2023-09-13T21:37:54.309Z,"fe80::f1:4015",xsd:string,2023-09-13T21:37:54.339Z,,,,
InternetGatewayDevice.WANDevice.1.WANConnectionDevice.1.WANPPPConnection.1.X_HW_IPv6.IPv6Address.1.IPAddress,false,2023-09-13T21:37:54.309Z,true,2023-09-13T21:37:54.309Z,"2804:3e0:0:42d7:dc6c:b655:25c6:f5f6",xsd:string,2023-09-13T21:37:54.339Z,,,,
InternetGatewayDevice.WANDevice.1.WANConnectionDevice.1.WANPPPConnection.1.X_HW_IPv6.IPv6Address.1.Origin,false,2023-09-13T21:37:54.309Z,true,2023-09-13T21:37:54.309Z,"AutoConfigured",xsd:string,2023-09-13T21:37:54.339Z,,,,
InternetGatewayDevice.WANDevice.1.WANConnectionDevice.1.WANPPPConnection.1.X_HW_IPv6.IPv6Prefix,true,2023-09-13T21:37:54.309Z,true,2023-09-13T21:37:54.309Z,"",,,,,,
InternetGatewayDevice.WANDevice.1.WANConnectionDevice.1.WANPPPConnection.1.X_HW_IPv6.IPv6Prefix.1,true,2023-09-13T21:37:54.309Z,true,2023-09-13T21:37:54.309Z,"",,,,,,
InternetGatewayDevice.WANDevice.1.WANConnectionDevice.1.WANPPPConnection.1.X_HW_IPv6.IPv6Prefix.1.Alias,false,2023-09-13T21:37:54.309Z,true,2023-09-13T21:37:54.309Z,"cpe-1",xsd:string,2023-09-13T21:37:54.339Z,,,,
InternetGatewayDevice.WANDevice.1.WANConnectionDevice.1.WANPPPConnection.1.X_HW_IPv6.IPv6Prefix.1.Origin,false,2023-09-13T21:37:54.309Z,true,2023-09-13T21:37:54.309Z,"PrefixDelegation",xsd:string,2023-09-13T21:37:54.339Z,,,,
InternetGatewayDevice.WANDevice.1.WANConnectionDevice.1.WANPPPConnection.1.X_HW_IPv6.IPv6Prefix.1.Prefix,false,2023-09-13T21:37:54.309Z,true,2023-09-13T21:37:54.309Z,"fc00:dead:c0de:7500::/56",xsd:string,2023-09-13T21:37:54.339Z,,,,
InternetGatewayDevice.WANDevice.1.WANConnectionDevice.1.WANPPPConnection.1.X_HW_IPv6.PortForward,true,2023-09-13T21:37:54.309Z,true,2023-09-13T21:37:54.309Z,"",,,,,,
InternetGatewayDevice.WANDevice.1.WANConnectionDevice.1.WANPPPConnection.1.X_HW_IPv6Enable,false,2023-09-13T21:37:54.309Z,true,2023-09-13T21:37:54.309Z,"true",xsd:boolean,2023-09-13T21:37:54.339Z,,,,
InternetGatewayDevice.WANDevice.1.WANConnectionDevice.1.WANPPPConnection.1.X_HW_IPv6MultiCastVLAN,false,2023-09-13T21:37:54.309Z,true,2023-09-13T21:37:54.309Z,"-1",xsd:int,2023-09-13T21:37:54.339Z,,,,
InternetGatewayDevice.WANDevice.1.WANConnectionDevice.1.WANPPPConnection.1.X_HW_IPv6_PortForwardNumberOfEntries,false,2023-09-13T21:37:54.309Z,false,2023-09-13T21:37:54.309Z,"0",xsd:unsignedInt,2023-09-13T21:37:54.339Z,,,,
InternetGatewayDevice.WANDevice.1.WANConnectionDevice.1.WANPPPConnection.1.X_HW_IdleDetectMode,false,2023-09-13T21:37:54.309Z,true,2023-09-13T21:37:54.309Z,"DetectBidirectionally",xsd:string,2023-09-13T21:37:54.339Z,,,,
InternetGatewayDevice.WANDevice.1.WANConnectionDevice.1.WANPPPConnection.1.X_HW_LANBIND,true,2023-09-13T21:37:54.309Z,true,2023-09-13T21:37:54.309Z,"",,,,,,
InternetGatewayDevice.WANDevice.1.WANConnectionDevice.1.WANPPPConnection.1.X_HW_LANBIND.Lan1Enable,false,2023-09-13T21:37:54.309Z,true,2023-09-13T21:37:54.309Z,"0",xsd:unsignedInt,2023-09-13T19:53:42.271Z,,,,
InternetGatewayDevice.WANDevice.1.WANConnectionDevice.1.WANPPPConnection.1.X_HW_LANBIND.Lan2Enable,false,2023-09-13T21:37:54.309Z,true,2023-09-13T21:37:54.309Z,"0",xsd:unsignedInt,2023-09-13T19:53:42.271Z,,,,
InternetGatewayDevice.WANDevice.1.WANConnectionDevice.1.WANPPPConnection.1.X_HW_LANBIND.Lan3Enable,false,2023-09-13T21:37:54.309Z,true,2023-09-13T21:37:54.309Z,"0",xsd:unsignedInt,2023-09-13T19:53:42.271Z,,,,
InternetGatewayDevice.WANDevice.1.WANConnectionDevice.1.WANPPPConnection.1.X_HW_LANBIND.Lan4Enable,false,2023-09-13T21:37:54.309Z,true,2023-09-13T21:37:54.309Z,"0",xsd:unsignedInt,2023-09-13T19:53:42.271Z,,,,
InternetGatewayDevice.WANDevice.1.WANConnectionDevice.1.WANPPPConnection.1.X_HW_LANBIND.SSID1Enable,false,2023-09-13T21:37:54.309Z,true,2023-09-13T21:37:54.309Z,"0",xsd:unsignedInt,2023-09-13T19:53:42.271Z,,,,
InternetGatewayDevice.WANDevice.1.WANConnectionDevice.1.WANPPPConnection.1.X_HW_LANBIND.SSID2Enable,false,2023-09-13T21:37:54.309Z,true,2023-09-13T21:37:54.309Z,"0",xsd:unsignedInt,2023-09-13T19:53:42.271Z,,,,
InternetGatewayDevice.WANDevice.1.WANConnectionDevice.1.WANPPPConnection.1.X_HW_LANBIND.SSID3Enable,false,2023-09-13T21:37:54.309Z,true,2023-09-13T21:37:54.309Z,"0",xsd:unsignedInt,2023-09-13T19:53:42.271Z,,,,
InternetGatewayDevice.WANDevice.1.WANConnectionDevice.1.WANPPPConnection.1.X_HW_LANBIND.SSID4Enable,false,2023-09-13T21:37:54.309Z,true,2023-09-13T21:37:54.309Z,"0",xsd:unsignedInt,2023-09-13T19:53:42.271Z,,,,
InternetGatewayDevice.WANDevice.1.WANConnectionDevice.1.WANPPPConnection.1.X_HW_LANBIND.SSID5Enable,false,2023-09-13T21:37:54.309Z,true,2023-09-13T21:37:54.309Z,"0",xsd:unsignedInt,2023-09-13T19:53:42.271Z,,,,
InternetGatewayDevice.WANDevice.1.WANConnectionDevice.1.WANPPPConnection.1.X_HW_LANBIND.SSID6Enable,false,2023-09-13T21:37:54.309Z,true,2023-09-13T21:37:54.309Z,"0",xsd:unsignedInt,2023-09-13T19:53:42.271Z,,,,
InternetGatewayDevice.WANDevice.1.WANConnectionDevice.1.WANPPPConnection.1.X_HW_LANBIND.SSID7Enable,false,2023-09-13T21:37:54.309Z,true,2023-09-13T21:37:54.309Z,"0",xsd:unsignedInt,2023-09-13T19:53:42.271Z,,,,
InternetGatewayDevice.WANDevice.1.WANConnectionDevice.1.WANPPPConnection.1.X_HW_LANBIND.SSID8Enable,false,2023-09-13T21:37:54.309Z,true,2023-09-13T21:37:54.309Z,"0",xsd:unsignedInt,2023-09-13T19:53:42.271Z,,,,
InternetGatewayDevice.WANDevice.1.WANConnectionDevice.1.WANPPPConnection.1.X_HW_LcpEchoReqCheck,false,2023-09-13T21:37:54.309Z,true,2023-09-13T21:37:54.309Z,"false",xsd:boolean,2023-09-13T21:37:54.339Z,,,,
InternetGatewayDevice.WANDevice.1.WANConnectionDevice.1.WANPPPConnection.1.X_HW_LowerLayers,false,2023-09-13T21:37:54.309Z,true,2023-09-13T21:37:54.309Z,"",xsd:string,2023-09-13T21:37:54.339Z,,,,
InternetGatewayDevice.WANDevice.1.WANConnectionDevice.1.WANPPPConnection.1.X_HW_MOTM,false,2023-09-13T21:37:54.309Z,false,2023-09-13T21:37:54.309Z,"",xsd:string,2023-09-13T21:37:54.339Z,,,,
InternetGatewayDevice.WANDevice.1.WANConnectionDevice.1.WANPPPConnection.1.X_HW_MultiCastVLAN,false,2023-09-13T21:37:54.309Z,true,2023-09-13T21:37:54.309Z,"4294967295",xsd:unsignedInt,2023-09-13T21:37:54.339Z,,,,
InternetGatewayDevice.WANDevice.1.WANConnectionDevice.1.WANPPPConnection.1.X_HW_NPTv6Enable,false,2023-09-13T21:37:54.309Z,true,2023-09-13T21:37:54.309Z,"false",xsd:boolean,2023-09-13T21:37:54.339Z,,,,
InternetGatewayDevice.WANDevice.1.WANConnectionDevice.1.WANPPPConnection.1.X_HW_NatType,false,2023-09-13T21:37:54.309Z,true,2023-09-13T21:37:54.309Z,"0",xsd:unsignedInt,2023-09-13T21:37:54.339Z,,,,
InternetGatewayDevice.WANDevice.1.WANConnectionDevice.1.WANPPPConnection.1.X_HW_PRI,false,2023-09-13T21:37:54.309Z,true,2023-09-13T21:37:54.309Z,"0",xsd:unsignedInt,2023-09-13T21:37:54.339Z,,,,
InternetGatewayDevice.WANDevice.1.WANConnectionDevice.1.WANPPPConnection.1.X_HW_PortTrigger,true,2023-09-13T21:37:54.309Z,true,2023-09-13T21:37:54.309Z,"",,,,,,
InternetGatewayDevice.WANDevice.1.WANConnectionDevice.1.WANPPPConnection.1.X_HW_PriPolicy,false,2023-09-13T21:37:54.309Z,true,2023-09-13T21:37:54.309Z,"Specified",xsd:string,2023-09-13T21:37:54.339Z,,,,
InternetGatewayDevice.WANDevice.1.WANConnectionDevice.1.WANPPPConnection.1.X_HW_RouteProtocolAuthKey,false,2023-09-13T21:37:54.309Z,true,2023-09-13T21:37:54.309Z,"",xsd:string,2023-09-13T21:37:54.339Z,,,,
InternetGatewayDevice.WANDevice.1.WANConnectionDevice.1.WANPPPConnection.1.X_HW_RouteProtocolAuthMode,false,2023-09-13T21:37:54.309Z,true,2023-09-13T21:37:54.309Z,"Off",xsd:string,2023-09-13T21:37:54.339Z,,,,
InternetGatewayDevice.WANDevice.1.WANConnectionDevice.1.WANPPPConnection.1.X_HW_RouteProtocolRxMode,false,2023-09-13T21:37:54.309Z,true,2023-09-13T21:37:54.309Z,"Passive",xsd:string,2023-09-13T21:37:54.339Z,,,,
InternetGatewayDevice.WANDevice.1.WANConnectionDevice.1.WANPPPConnection.1.X_HW_SERVICELIST,false,2023-09-13T21:37:54.309Z,true,2023-09-13T21:37:54.309Z,"INTERNET",xsd:string,2023-09-13T21:37:54.339Z,,,,
InternetGatewayDevice.WANDevice.1.WANConnectionDevice.1.WANPPPConnection.1.X_HW_UpstreamWAN,false,2023-09-13T21:37:54.309Z,true,2023-09-13T21:37:54.309Z,"false",xsd:boolean,2023-09-13T21:37:54.339Z,,,,
InternetGatewayDevice.WANDevice.1.WANConnectionDevice.1.WANPPPConnection.1.X_HW_VLAN,false,2023-09-13T21:37:54.309Z,true,2023-09-13T21:37:54.309Z,"1",xsd:unsignedInt,2023-09-13T21:37:54.339Z,,,,
InternetGatewayDevice.WANDevice.1.WANConnectionDevice.1.WANPPPConnectionNumberOfEntries,false,2023-09-13T19:53:42.269Z,false,2023-09-13T19:53:42.269Z,"",,,,,,
InternetGatewayDevice.WANDevice.1.WANConnectionNumberOfEntries,false,2023-09-13T19:53:42.269Z,false,2023-09-13T19:53:42.269Z,"",,,,,,
InternetGatewayDevice.WANDevice.1.X_GponInterafceConfig,true,2023-09-13T19:53:42.269Z,true,2023-09-13T19:53:42.269Z,"",,,,,,
InternetGatewayDevice.WANDevice.1.X_GponInterafceConfig.BiasCurrent,false,2023-09-13T21:37:54.309Z,false,2023-09-13T21:37:54.309Z,"",,,,,,
InternetGatewayDevice.WANDevice.1.X_GponInterafceConfig.RXPower,false,2023-09-13T21:37:54.309Z,false,2023-09-13T21:37:54.309Z,"-3",xsd:int,2023-09-13T21:37:54.339Z,,,,
InternetGatewayDevice.WANDevice.1.X_GponInterafceConfig.Stats,true,2023-09-13T21:37:54.309Z,false,2023-09-13T21:37:54.309Z,"",,,,,,
InternetGatewayDevice.WANDevice.1.X_GponInterafceConfig.Stats.BytesReceived,false,2023-09-13T21:37:54.309Z,false,2023-09-13T21:37:54.309Z,"5083194152",xsd:unsignedInt,2023-09-13T21:37:54.339Z,,,,
InternetGatewayDevice.WANDevice.1.X_GponInterafceConfig.Stats.BytesSent,false,2023-09-13T21:37:54.309Z,false,2023-09-13T21:37:54.309Z,"1482070603",xsd:unsignedInt,2023-09-13T21:37:54.339Z,,,,
InternetGatewayDevice.WANDevice.1.X_GponInterafceConfig.Stats.DropPackets,false,2023-09-13T21:37:54.309Z,false,2023-09-13T21:37:54.309Z,"",,,,,,
InternetGatewayDevice.WANDevice.1.X_GponInterafceConfig.Stats.DropRate,false,2023-09-13T21:37:54.309Z,false,2023-09-13T21:37:54.309Z,"",,,,,,
InternetGatewayDevice.WANDevice.1.X_GponInterafceConfig.Stats.ErrorRate,false,2023-09-13T21:37:54.309Z,false,2023-09-13T21:37:54.309Z,"",,,,,,
InternetGatewayDevice.WANDevice.1.X_GponInterafceConfig.Stats.FECError,false,2023-09-13T21:37:54.309Z,false,2023-09-13T21:37:54.309Z,"",,,,,,
InternetGatewayDevice.WANDevice.1.X_GponInterafceConfig.Stats.HECError,false,2023-09-13T21:37:54.309Z,false,2023-09-13T21:37:54.309Z,"",,,,,,
InternetGatewayDevice.WANDevice.1.X_GponInterafceConfig.Stats.PacketsReceived,false,2023-09-13T21:37:54.309Z,false,2023-09-13T21:37:54.309Z,"",,,,,,
InternetGatewayDevice.WANDevice.1.X_GponInterafceConfig.Stats.PacketsSent,false,2023-09-13T21:37:54.309Z,false,2023-09-13T21:37:54.309Z,"",,,,,,
InternetGatewayDevice.WANDevice.1.X_GponInterafceConfig.Stats.RBroadcastPackets,false,2023-09-13T21:37:54.309Z,false,2023-09-13T21:37:54.309Z,"",,,,,,
InternetGatewayDevice.WANDevice.1.X_GponInterafceConfig.Stats.RMulticastPackets,false,2023-09-13T21:37:54.309Z,false,2023-09-13T21:37:54.309Z,"",,,,,,
InternetGatewayDevice.WANDevice.1.X_GponInterafceConfig.Stats.RPausePackets,false,2023-09-13T21:37:54.309Z,false,2023-09-13T21:37:54.309Z,"",,,,,,
InternetGatewayDevice.WANDevice.1.X_GponInterafceConfig.Stats.RUnicastPackets,false,2023-09-13T21:37:54.309Z,false,2023-09-13T21:37:54.309Z,"",,,,,,
InternetGatewayDevice.WANDevice.1.X_GponInterafceConfig.Stats.SBroadcastPackets,false,2023-09-13T21:37:54.309Z,false,2023-09-13T21:37:54.309Z,"",,,,,,
InternetGatewayDevice.WANDevice.1.X_GponInterafceConfig.Stats.SMulticastPackets,false,2023-09-13T21:37:54.309Z,false,2023-09-13T21:37:54.309Z,"",,,,,,
InternetGatewayDevice.WANDevice.1.X_GponInterafceConfig.Stats.SPausePackets,false,2023-09-13T21:37:54.309Z,false,2023-09-13T21:37:54.309Z,"",,,,,,
InternetGatewayDevice.WANDevice.1.X_GponInterafceConfig.Stats.SUnicastPackets,false,2023-09-13T21:37:54.309Z,false,2023-09-13T21:37:54.309Z,"",,,,,,
InternetGatewayDevice.WANDevice.1.X_GponInterafceConfig.Status,false,2023-09-13T21:37:54.309Z,false,2023-09-13T21:37:54.309Z,"",,,,,,
InternetGatewayDevice.WANDevice.1.X_GponInterafceConfig.SupplyVoltage,false,2023-09-13T21:37:54.309Z,false,2023-09-13T21:37:54.309Z,"",,,,,,
InternetGatewayDevice.WANDevice.1.X_GponInterafceConfig.TXPower,false,2023-09-13T21:37:54.309Z,false,2023-09-13T21:37:54.309Z,"2",xsd:int,2023-09-13T21:37:54.339Z,,,,
InternetGatewayDevice.WANDevice.1.X_GponInterafceConfig.TransceiverTemperature,false,2023-09-13T21:37:54.309Z,false,2023-09-13T21:37:54.309Z,"",,,,,,
InternetGatewayDevice.WANDevice.1.X_HW_PonInterface,true,2023-09-13T19:53:42.269Z,false,2023-09-13T19:53:42.269Z,"",,,,,,
InternetGatewayDevice.WANDevice.1.X_HW_ShowInterface,true,2023-09-13T19:53:42.269Z,true,2023-09-13T19:53:42.269Z,"",,,,,,
InternetGatewayDevice.WANDeviceNumberOfEntries,false,2023-09-13T19:43:42.035Z,false,2023-09-13T19:43:42.035Z,"",,,,,,
InternetGatewayDevice.X_HW_ALG,true,2023-09-13T19:43:42.035Z,true,2023-09-13T19:43:42.035Z,"",,,,,,
InternetGatewayDevice.X_HW_APDevice,true,2023-09-13T19:43:42.035Z,false,2023-09-13T19:43:42.035Z,"",,,,,,
InternetGatewayDevice.X_HW_APMPolicy,true,2023-09-13T19:43:42.035Z,true,2023-09-13T19:43:42.035Z,"",,,,,,
InternetGatewayDevice.X_HW_ARPPingDiagnostics,true,2023-09-13T19:43:42.035Z,true,2023-09-13T19:43:42.035Z,"",,,,,,
InternetGatewayDevice.X_HW_AmpInfo,true,2023-09-13T19:43:42.035Z,true,2023-09-13T19:43:42.035Z,"",,,,,,
InternetGatewayDevice.X_HW_AppRemoteManage,true,2023-09-13T19:43:42.035Z,true,2023-09-13T19:43:42.035Z,"",,,,,,
InternetGatewayDevice.X_HW_Arp,true,2023-09-13T19:43:42.035Z,true,2023-09-13T19:43:42.035Z,"",,,,,,
InternetGatewayDevice.X_HW_AutoReboot,true,2023-09-13T19:43:42.035Z,true,2023-09-13T19:43:42.035Z,"",,,,,,
InternetGatewayDevice.X_HW_CHL_SCAN,true,2023-09-13T19:43:42.035Z,true,2023-09-13T19:43:42.035Z,"",,,,,,
InternetGatewayDevice.X_HW_DHCPSLVSERVER,true,2023-09-13T19:43:42.035Z,true,2023-09-13T19:43:42.035Z,"",,,,,,
InternetGatewayDevice.X_HW_DHCP_PING_EMULATOR,true,2023-09-13T19:43:42.035Z,true,2023-09-13T19:43:42.035Z,"",,,,,,
InternetGatewayDevice.X_HW_DNS,true,2023-09-13T19:43:42.035Z,true,2023-09-13T19:43:42.035Z,"",,,,,,
InternetGatewayDevice.X_HW_Dot1agCfm,true,2023-09-13T19:43:42.035Z,true,2023-09-13T19:43:42.035Z,"",,,,,,
InternetGatewayDevice.X_HW_FeatureList,true,2023-09-13T19:43:42.035Z,true,2023-09-13T19:43:42.035Z,"",,,,,,
InternetGatewayDevice.X_HW_GRETunnel,true,2023-09-13T19:43:42.035Z,true,2023-09-13T19:43:42.035Z,"",,,,,,
InternetGatewayDevice.X_HW_IPTV,true,2023-09-13T19:43:42.035Z,true,2023-09-13T19:43:42.035Z,"",,,,,,
InternetGatewayDevice.X_HW_IPv6,true,2023-09-13T19:43:42.035Z,true,2023-09-13T19:43:42.035Z,"",,,,,,
InternetGatewayDevice.X_HW_IPv6Layer3Forwarding,true,2023-09-13T19:43:42.035Z,true,2023-09-13T19:43:42.035Z,"",,,,,,
InternetGatewayDevice.X_HW_IPv6Transition,true,2023-09-13T19:43:42.035Z,true,2023-09-13T19:43:42.035Z,"",,,,,,
InternetGatewayDevice.X_HW_KMC,true,2023-09-13T19:43:42.035Z,true,2023-09-13T19:43:42.035Z,"",,,,,,
InternetGatewayDevice.X_HW_MainUPnP,true,2023-09-13T19:43:42.035Z,true,2023-09-13T19:43:42.035Z,"",,,,,,
InternetGatewayDevice.X_HW_NeighborDiscovery,true,2023-09-13T19:43:42.035Z,true,2023-09-13T19:43:42.035Z,"",,,,,,
InternetGatewayDevice.X_HW_NetInfo_Acquisition,true,2023-09-13T19:43:42.035Z,true,2023-09-13T19:43:42.035Z,"",,,,,,
InternetGatewayDevice.X_HW_Option,true,2023-09-13T19:43:42.035Z,true,2023-09-13T19:43:42.035Z,"",,,,,,
InternetGatewayDevice.X_HW_POTSDeviceNumber,false,2023-09-13T19:43:42.035Z,false,2023-09-13T19:43:42.035Z,"",,,,,,
InternetGatewayDevice.X_HW_PPPOE_EMLUATOR,true,2023-09-13T19:43:42.035Z,true,2023-09-13T19:43:42.035Z,"",,,,,,
InternetGatewayDevice.X_HW_PPPoE_BridgeWAN_AutoEmulator,true,2023-09-13T19:43:42.035Z,true,2023-09-13T19:43:42.035Z,"",,,,,,
InternetGatewayDevice.X_HW_SFTP,true,2023-09-13T19:43:42.035Z,true,2023-09-13T19:43:42.035Z,"",,,,,,
InternetGatewayDevice.X_HW_Security,true,2023-09-13T19:43:42.035Z,true,2023-09-13T19:43:42.035Z,"",,,,,,
InternetGatewayDevice.X_HW_ServiceManage,true,2023-09-13T19:43:42.035Z,true,2023-09-13T19:43:42.035Z,"",,,,,,
InternetGatewayDevice.X_HW_SlvUPnP,true,2023-09-13T19:43:42.035Z,true,2023-09-13T19:43:42.035Z,"",,,,,,
InternetGatewayDevice.X_HW_SmartCAT,true,2023-09-13T19:43:42.035Z,true,2023-09-13T19:43:42.035Z,"",,,,,,
InternetGatewayDevice.X_HW_SmartTopo,true,2023-09-13T19:43:42.035Z,true,2023-09-13T19:43:42.035Z,"",,,,,,
InternetGatewayDevice.X_HW_UplinkQos,true,2023-09-13T19:43:42.035Z,true,2023-09-13T19:43:42.035Z,"",,,,,,
InternetGatewayDevice.X_HW_WiFiDiagnostic,true,2023-09-13T19:43:42.035Z,true,2023-09-13T19:43:42.035Z,"",,,,,,
InternetGatewayDevice.X_HW_WifiCoverService,true,2023-09-13T19:43:42.035Z,true,2023-09-13T19:43:42.035Z,"",,,,,,
InternetGatewayDevice.X_HW_eMDI,true,2023-09-13T19:43:42.035Z,true,2023-09-13T19:43:42.035Z,"",,,,,,
